date,location,total_vaccinations,total_distributed,people_vaccinated,people_fully_vaccinated_per_hundred,total_vaccinations_per_hundred,people_fully_vaccinated,people_vaccinated_per_hundred,distributed_per_hundred,daily_vaccinations_raw,daily_vaccinations,daily_vaccinations_per_million,share_doses_used,state
2021-07-10,Alabama,3414916.0,4884130.0,1988956.0,33.24,69.65,1629745.0,40.56,99.61,6325.0,4703.0,959.0,0.6990000000000001,AL
2021-07-10,Alaska,681805.0,840265.0,368156.0,44.44,93.2,325118.0,50.33,114.86,1266.0,1874.0,2562.0,0.8109999999999999,AK
2021-07-10,Arizona,6870625.0,8243660.0,3728161.0,43.91,94.39,3196388.0,51.22,113.26,13804.0,10797.0,1483.0,0.833,AZ
2021-07-10,Arkansas,2280113.0,2877040.0,1292845.0,34.83,75.56,1051172.0,42.84,95.34,5305.0,3951.0,1309.0,0.7929999999999999,AR
2021-07-10,California,43507479.0,49668485.0,24679946.0,50.93,110.11,20124209.0,62.46,125.7,74111.0,75909.0,1921.0,0.8759999999999999,CA
2021-07-10,Colorado,6291681.0,7100165.0,3379369.0,52.86,109.25,3043908.0,58.68,123.29,25690.0,8971.0,1558.0,0.8859999999999999,CO
2021-07-10,Connecticut,4466279.0,4783225.0,2418107.0,61.61,125.27,2196584.0,67.82,134.16,6542.0,6230.0,1747.0,0.934,CT
2021-07-10,Delaware,1056467.0,1297395.0,573920.0,51.03,108.49,496904.0,58.94,133.24,2244.0,1481.0,1521.0,0.8140000000000001,DE
2021-07-10,District of Columbia,878468.0,1072415.0,438672.0,53.31,124.47,376261.0,62.16,151.95,1394.0,1073.0,1520.0,0.8190000000000001,DC
2021-07-10,Florida,21483877.0,25227275.0,11740921.0,46.86,100.03,10064763.0,54.67,117.46,45965.0,38827.0,1808.0,0.852,FL
2021-07-10,Georgia,8550988.0,11322705.0,4674935.0,37.13,80.54,3942675.0,44.03,106.64,733.0,9480.0,893.0,0.755,GA
2021-07-10,Hawaii,1694930.0,1956710.0,996016.0,52.53,119.71,743689.0,70.35,138.2,2193.0,1233.0,871.0,0.866,HI
2021-07-10,Idaho,1341140.0,1705650.0,715023.0,36.58,75.05,653630.0,40.01,95.44,1762.0,1677.0,938.0,0.7859999999999999,ID
2021-07-10,Illinois,13182552.0,14861055.0,7632442.0,47.03,104.03,5959419.0,60.23,117.28,26532.0,17726.0,1399.0,0.887,IL
2021-07-10,Indiana,5887413.0,6777740.0,3078524.0,43.0,87.45,2895106.0,45.73,100.68,9507.0,7302.0,1085.0,0.8690000000000001,IN
2021-07-10,Iowa,3069436.0,3506895.0,1636162.0,48.65,97.29,1534863.0,51.86,111.15,3869.0,2984.0,946.0,0.875,IA
2021-07-10,Kansas,2521185.0,3122795.0,1450126.0,42.57,86.54,1240084.0,49.78,107.19,3799.0,2936.0,1008.0,0.807,KS
2021-07-10,Kentucky,4055035.0,4530165.0,2238997.0,44.27,90.76,1977640.0,50.12,101.4,7456.0,5327.0,1192.0,0.895,KY
2021-07-10,Louisiana,3439895.0,4116480.0,1818912.0,35.71,74.0,1660099.0,39.13,88.55,6852.0,5102.0,1097.0,0.836,LA
2021-07-10,Maine,1633699.0,1874270.0,901386.0,62.4,121.54,838767.0,67.06,139.43,2049.0,1527.0,1136.0,0.872,ME
2021-07-10,Maryland,6990202.0,8580840.0,3793956.0,57.1,115.62,3451899.0,62.75,141.93,12218.0,9932.0,1643.0,0.815,MD
2021-07-10,Massachusetts,8945400.0,9829100.0,4900571.0,62.51,129.78,4308593.0,71.1,142.61,10192.0,8685.0,1260.0,0.91,MA
2021-07-10,Michigan,9547108.0,11707700.0,5188103.0,47.79,95.6,4772417.0,51.95,117.23,19912.0,12302.0,1232.0,0.815,MI
2021-07-10,Minnesota,5944447.0,6588240.0,3244644.0,52.62,105.4,2967470.0,57.53,116.82,8835.0,5946.0,1054.0,0.902,MN
2021-07-10,Mississippi,2039976.0,2695965.0,1104341.0,33.35,68.54,992537.0,37.11,90.59,130.0,18030.0,6058.0,0.757,MS
2021-07-10,Missouri,5197572.0,6200115.0,2808446.0,39.67,84.69,2434775.0,45.76,101.02,11150.0,6431.0,1048.0,0.838,MO
2021-07-10,Montana,951045.0,1121325.0,515208.0,43.45,88.98,464357.0,48.21,104.92,1329.0,871.0,815.0,0.848,MT
2021-07-10,Nebraska,1881281.0,2113750.0,1008017.0,48.17,97.25,931751.0,52.11,109.27,44.0,1765.0,912.0,0.89,NE
2021-07-10,Nevada,2836712.0,3144570.0,1565827.0,42.82,92.1,1318982.0,50.84,102.09,5869.0,5799.0,1883.0,0.902,NV
2021-07-10,New Hampshire,1558796.0,1861060.0,861564.0,57.16,114.64,777226.0,63.36,136.87,1192.0,1806.0,1328.0,0.838,NH
2021-07-10,New Jersey,10013126.0,11720885.0,5663676.0,56.26,112.73,4997066.0,63.76,131.96,17191.0,15090.0,1699.0,0.8540000000000001,NJ
2021-07-10,New Mexico,2417679.0,2396705.0,1335438.0,55.58,115.3,1165333.0,63.69,114.3,4093.0,3028.0,1444.0,1.0090000000000001,NM
2021-07-10,North Carolina,9408302.0,11826560.0,5171819.0,42.49,89.7,4456039.0,49.31,112.76,15472.0,12371.0,1180.0,0.7959999999999999,NC
2021-07-10,North Dakota,649073.0,725160.0,337774.0,39.33,85.17,299715.0,44.32,95.16,796.0,559.0,734.0,0.895,ND
2021-07-10,Ohio,10819638.0,12518485.0,5689138.0,45.42,92.56,5309302.0,48.67,107.1,12724.0,11278.0,965.0,0.8640000000000001,OH
2021-07-10,Oklahoma,3317721.0,4058650.0,1800063.0,39.03,83.84,1544385.0,45.49,102.57,7191.0,4444.0,1123.0,0.8170000000000001,OK
2021-07-10,Oregon,4629980.0,5687305.0,2503184.0,54.55,109.77,2300922.0,59.35,134.84,6962.0,5215.0,1236.0,0.8140000000000001,OR
2021-07-10,Pennsylvania,14103639.0,15853755.0,8140109.0,50.57,110.17,6473765.0,63.58,123.84,22731.0,18703.0,1461.0,0.89,PA
2021-07-10,Rhode Island,1293080.0,1528665.0,691950.0,59.8,122.06,633445.0,65.32,144.3,1846.0,1583.0,1494.0,0.846,RI
2021-07-10,South Carolina,4253849.0,5369875.0,2311107.0,39.37,82.62,2027081.0,44.89,104.3,6766.0,5723.0,1112.0,0.792,SC
2021-07-10,South Dakota,829025.0,972075.0,452059.0,45.97,93.71,406710.0,51.1,109.88,1152.0,836.0,945.0,0.853,SD
2021-07-10,Tennessee,5530977.0,6431980.0,2926141.0,37.92,80.99,2589941.0,42.85,94.18,11295.0,7780.0,1139.0,0.86,TN
2021-07-10,Texas,26195987.0,32252315.0,14215759.0,42.09,90.34,12205276.0,49.03,111.23,65847.0,45353.0,1564.0,0.812,TX
2021-07-10,Utah,2896443.0,3276200.0,1587256.0,38.08,90.35,1220762.0,49.51,102.19,6166.0,5604.0,1748.0,0.884,UT
2021-07-10,Vermont,859026.0,931580.0,464492.0,66.32,137.67,413833.0,74.44,149.29,906.0,658.0,1055.0,0.922,VT
2021-07-10,Virginia,9380725.0,10503275.0,5107865.0,52.82,109.9,4508239.0,59.84,123.05,14369.0,12735.0,1492.0,0.893,VA
2021-07-10,Washington,8749728.0,9520555.0,4741874.0,55.81,114.9,4250081.0,62.27,125.03,15526.0,17527.0,2302.0,0.919,WA
2021-07-10,West Virginia,1478219.0,1917265.0,817861.0,38.68,82.48,693240.0,45.64,106.98,631.0,7421.0,4141.0,0.7709999999999999,WV
2021-07-10,Wisconsin,6008927.0,6207245.0,3159176.0,50.59,103.2,2945809.0,54.26,106.61,8522.0,8407.0,1444.0,0.968,WI
2021-07-10,Wyoming,434799.0,519885.0,233010.0,35.69,75.13,206571.0,40.26,89.83,780.0,542.0,936.0,0.836,WY
