store_name,street,city,state,zip,final_zip_pred
Trader Joe's Sunnyvale (68),316 West El Camino Real,Sunnyvale,CA,94087,0.0470502706890842
Trader Joe's Aliso Viejo (195),26541 Aliso Creek Rd,Aliso Viejo,CA,92656,0.0692187613040097
Trader Joe's Brookline (501),1317 Beacon St,Brookline,MA,02446,0.0322065313702043
Trader Joe's Park Ridge (698),190 N NW Highway,Park Ridge,IL,60068,0.0708671883656233
Trader Joe's Scottsdale (94),6202 N Scottsdale Rd,Scottsdale,AZ,85253,0.1480782308588405
Trader Joe's Annapolis (650),160 F Jennifer Rd,Annapolis,MD,21401,0.1253924092849092
Trader Joe's San Antonio (451),350 East Basse Road,San Antonio,TX,78209,0.1033838236607299
Trader Joe's Chicago (688),3745 N Lincoln Ave,Chicago,IL,60613,0.0405906373958685
Trader Joe's Queen Creek (286),21186 S. Ellsworth Loop Rd,Queen Creek,AZ,85142,0.3410066791355816
Trader Joe's Newport Beach (125),8086 E Pacific Coast Hwy,Newport Beach,CA,92657,0.0673912586740729
Trader Joe's Williamsburg (657),5000 Settlers Market Blvd,Williamsburg,VA,23188,0.0660911246100614
Trader Joe's Pleasanton (66),3903 Santa Rita Road,Pleasanton,CA,94588,0.0549156973661414
Trader Joe's Media (637),12 E State St,Media,PA,19063,0.0759294236163389
Trader Joe's Bloomington (724),4270 W 78th St,Bloomington,MN,55435,0.0438768715284281
Trader Joe's Hanover (513),1775 Washington St,Hanover,MA,02339,0.0870441462970584
Trader Joe's Delray Beach (771),1851 S Federal Highway #500,Delray Beach,FL,33483,0.1047841910211872
Trader Joe's Costa Mesa (35),640 W 17th St,Costa Mesa,CA,92627,0.0775322374224249
Trader Joe's Mission Viejo (126),25410 Marguerite Pkwy,Mission Viejo,CA,92692,0.0854195348036681
Trader Joe's Orland Park (686),14924 S La Grange Rd,Orland Park,IL,60462,0.1287967213835456
Trader Joe's Danbury (525),113 Mill Plain Rd,Danbury,CT,06811,0.1060823164785123
Trader Joe's Beaverton (141),11753 SW Beaverton Hillsdale Hwy,Beaverton,OR,97005,0.0898430213003433
Trader Joe's Lake Oswego (142),15391 SW Bangy Rd,Lake Oswego,OR,97035,0.1060736204150903
Trader Joe's The Woodlands (428),10868 Kuykendahl Road,The Woodlands,TX,77381,0.1776232629987372
Trader Joe's Fort Myers (784),4983 S. Cleveland Avenue,Fort Myers,FL,33907,0.2396790281386746
Trader Joe's Redondo Beach (38),1761 S Elena Ave,Redondo Bch.,CA,90277,0.0584306428968965
Trader Joe's Ashburn (619),44755 Brimfield Dr,Ashburn,VA,20147,0.0635460744379808
Trader Joe's Chico (199),801 East Ave,Chico,CA,95926,0.1752789349142779
Trader Joe's Belle Meade (739),90 White Bridge Rd,Nashville,TN,37205,0.0430715553875569
Trader Joe's Royal Oak (674),27880 Woodward Ave,Royal Oak,MI,48067,0.0517661417214288
Trader Joe's Atlanta (730),931 Monroe Dr,Atlanta,GA,30308,0.0905718115797296
Trader Joe's Modesto (9),3250 Dale Road,Modesto,CA,95356,0.1494790300301072
Trader Joe's Pinole (230),2742 Pinole Valley Rd,Pinole,CA,94564,0.1101405966722783
Trader Joe's Asheville (740),120 Merrimon Ave,Asheville,NC,28801,0.1020375986643483
Trader Joe's Larchmont (532),1260 Boston Post Rd,Larchmont,NY,10538,0.0370009101305942
Trader Joe's Issaquah (138),975 NW Gilman Blvd,Issaquah,WA,98027,0.0624519773268725
Trader Joe's Scripps Ranch (221),9850 Hibert St,San Diego,CA,92131,0.0705135098041805
Trader Joe's Upper West Side (545),670 Columbus Ave,New York,NY,10025,0.0565890989137601
Trader Joe's W Des Moines (721),6305 Mills Civic Pkwy,West Des Moines,IA,50266,0.1227820093892956
Trader Joe's Bethesda (645),6831 Wisconsin Ave,Bethesda,MD,20815,0.0156593646980448
Trader Joe's Leawood (723),4201 W 119th St,Leawood,KS,66209,0.0636448912387516
Trader Joe's Newbury Park (243),125 N Reino Road,Thousand Oaks,CA,91320,0.0909707645473735
Trader Joe's San Diego - Hillcrest (26),1090 University Avenue,San Diego,CA,92103,0.0678570493771276
Trader Joe's Morgan Hill (202),17035 Laurel Rd,Morgan Hill,CA,95037,0.0621858882132975
Trader Joe's Montrose (52),2462 Honolulu Ave,Montrose,CA,91020,0.1000802008967129
Trader Joe's Arlington (505),1427 Massachusetts Ave,Arlington,MA,02476,0.0249407026728476
Trader Joe's Seattle - Queen Anne Hill (135),1916 Queen Anne Ave N,Seattle,WA,98109,0.040864739973429
Trader Joe's Miami Beach (779),1683 West Ave,Miami Beach,FL,33139,0.1158659684727395
Trader Joe's Needham Heights (504),958 Highland Ave,Needham,MA,02494,0.0222090940637818
Trader Joe's Pasadena (51),610 S Arroyo Pkwy,Pasadena,CA,91105,0.0355024158782792
Trader Joe's Wayne (632),171 E Swedesford Rd,Wayne,PA,19087,0.0683038895775926
Trader Joe's Germantown (738),2130 Exeter Rd.,Germantown,TN,38138,0.0867254109191903
Trader Joe's Shoreline (270),1201 N 175th St,Shoreline,WA,98133,0.0586219285953501
Trader Joe's Campbell (73),1875 Bascom Ave,Campbell,CA,95008,0.0758318947365934
Trader Joe's Palm Desert (3),44250 Town Center Way,Palm Desert,CA,92260,0.0659793533835304
Trader Joe's Darien (522),436 Boston Post Rd,Darien,CT,06820,0.0516519084490148
Trader Joe's Fresno (8),8478 N. Friant Road,Fresno,CA,93720,0.17729134736135002
Trader Joe's Huntington Harbour (244),16821 Algonquin St,Huntington Beach,CA,92649,0.1009828068712704
Trader Joe's Buckhead (735),3183 Peachtree Rd,Atlanta,GA,30305,0.0863997449762277
Trader Joe's Rochester Hills (668),3044 Walton Blvd,Rochester Hills,MI,48309,0.0839208639285103
Trader Joe's Nashua (507),262 Daniel Webster HWY,Nashua,NH,03060,0.1574464090103215
Trader Joe's Hyannis (514),655 Iyannough Road Rt 132,Hyannis,MA,02601,0.1657841611834037
Trader Joe's Wilmington (747),1437 S College Rd,Wilmington,NC,28403,0.1239302792517296
Trader Joe's Studio City (122),11976 Ventura Blvd,Studio City,CA,91604,0.0544957472598414
Trader Joe's Silverdale (158),9991 Mickelberry Rd,Silverdale,WA,98383,0.0842270203466416
Trader Joe's San Francisco - Pacific Place (225),10 4th Street,San Francisco,CA,94103,0.0650419953871938
Trader Joe's Hastings Ranch (171),467 N Rosemead Blvd,Pasadena,CA,91107,0.0659289084891805
Trader Joe's Dallas North (401),7939 Walnut Hill Lane,Dallas,TX,75230,0.0910553061562697
Trader Joe's Denver Wine (310),790 N Colorado Blvd,Denver,CO,80206,0.0518512480957259
Trader Joe's Chicago - Diversey Pkwy (703),667 W Diversey Pkwy,Chicago,IL,60614,0.0530017299405959
Trader Joe's Freehold (590),4331 Route 9 Unit 3,Freehold,NJ,07728,0.1644686567987345
Trader Joe's Lafayette (115),3649 Mt Diablo Blvd,Lafayette,CA,94549,0.0638826403202233
Trader Joe's Petaluma (107),169 N McDowell Blvd,Petaluma,CA,94954,0.0666079090153054
Trader Joe's Meridian (361),2986 N. Eagle RD.,Meridian,ID,83646,0.1445046737064602
Trader Joe's Austin - Rollingwood (453),2805 Bee Cave Rd,Austin,TX,78746,0.0648048740174686
Trader Joe's Madison (712),1810 Monroe St,Madison,WI,53711,0.0539933220653126
Trader Joe's Princeton (607),3528 Brunswick Pike,Princeton,NJ,08540,0.0331820329441309
Trader Joe's Louisville Grocery (628),4600 Shelbyville Rd Ste 111,Louisville,KY,40207,0.1044454381824438
Trader Joe's Chicago - Lincoln Park (691),1840 N Clybourn Ave,Chicago,IL,60614,0.0530017299405959
Trader Joe's Pittsburgh (638),6343 Penn Ave,Pittsburgh,PA,15206,0.0838124196860163
Trader Joe's Wayne (603),910 Hamburg Turnpike,Wayne,NJ,07470,0.0761133107957142
Trader Joe's Brea (11),2500 E Imperial Hwy,Brea,CA,92821,0.09380497775796401
Trader Joe's Kansas City (720),8600 Ward Pkwy,Kansas City,MO,64114,0.0845738309255517
Trader Joe's Kalamazoo (708),5099 Century Ave,Kalamazoo,MI,49006,0.0769509344874124
Trader Joe's Camarillo (114),363 Carmen Dr,Camarillo,CA,93010,0.1629858741543572
Trader Joe's Fremont (77),39324 Argonaut Way,Fremont,CA,94538,0.0926660837610253
Trader Joe's Jacksonville Beach (760),4180 S 3rd St,Jacksonville Beach,FL,32250,0.2657451215690001
Trader Joe's Mall of Orange (46),2114 N Tustin St,Orange,CA,92865,0.113203907835408
Trader Joe's Long Island City (565),2243 Jackson Ave,Long Island City,NY,11101,0.0738749386644311
Trader Joe's Fairfield (523),2258 Black Rock Turnpike,Fairfield,CT,06825,0.0498057812744926
Trader Joe's West Newton (509),1121 Washington St,West Newton,MA,02465,0.0322483908827181
Trader Joe's Glen Ellyn (680),680 Roosevelt Rd,Glen Ellyn,IL,60137,0.0743742875266302
Trader Joe's Washington - 25th St (653),1101 25th Street NW,Washington,DC,20037,0.0427242356487402
Trader Joe's Brooklyn (558),130 Court St,Brooklyn,NY,11201,0.0579064564045284
Trader Joe's Claremont (214),475 W Foothill Blvd,Claremont,CA,91711,0.0531171800023053
Trader Joe's Fort Worth (404),2701 S Hulen St,Fort Worth,TX,76109,0.1506802562988636
Trader Joe's Concord (83),785 Oak Grove Rd,Concord,CA,94518,0.0598591690128658
Trader Joe's Monrovia (112),604 W Huntington Dr,Monrovia,CA,91016,0.0536467807884242
Trader Joe's Metairie (755),2949 Veterans Blvd,Metairie,LA,70002,0.1305497838916152
Trader Joe's Ventura - Midtown (218),103 S Mills Rd,Ventura,CA,93003,0.1247746212370379
Trader Joe's Yorba Linda (176),19655 Yorba Linda Blvd,Yorba Linda,CA,92886,0.096543602482717
Trader Joe's San Mateo - Grant St (67),1820-22 S Grant Street,San Mateo,CA,94402,0.0304551636121397
Trader Joe's San Francisco - North Beach (19),401 Bay St,San Francisco,CA,94133,0.0442456688585026
Trader Joe's Novato (198),7514 Redwood Blvd,Novato,CA,94945,0.0518848999569023
Trader Joe's Millbrae (170),765 Broadway,Millbrae,CA,94030,0.0340808513366282
Trader Joe's Cambridge (502),748 Memorial Dr,Cambridge,MA,02139,0.0270943581757472
Trader Joe's Gilbert (SanTan) (285),1779 E. Williams Field Rd.,Gilbert,AZ,85295,0.1878461771735667
Trader Joe's Henderson (97),2716 N Green Valley Pkwy,Henderson,NV,89014,0.2000967105607284
Trader Joe's Sacramento (175),5000 Folsom Blvd,Sacramento,CA,95819,0.0790730760768282
Trader Joe's Brentwood (692),48 Brentwood Promenade Court,Brentwood,MO,63144,0.0388147323548482
Trader Joe's San Antonio - Sonterra Village (455),403 N Loop 1604 W,San Antonio,TX,78232,0.1047469421279571
Trader Joe's Lynnwood (129),19715 Highway 99,Lynnwood,WA,98036,0.0852961390966064
Trader Joe's Maple Grove (713),12105 Elm Creek Blvd N,Maple Grove,MN,55369,0.0911298482832963
Trader Joe's Winston Salem (749),252 South Stratford Road,Winston Salem,NC,27103,0.2121306160868265
Trader Joe's Fairfield (101),1350 Gateway Blvd,Fairfield,CA,94533,0.1559130858388324
Trader Joe's Peabody (516),300 Andover St,Peabody,MA,01960,0.140138465555948
Trader Joe's Bellevue (131),15563 NE 24th St,Bellevue,WA,98007,0.11219913066006801
Trader Joe's Sherman Oaks (49),14119 Riverside Dr,Sherman Oaks,CA,91423,0.0452058178345774
Trader Joe's Prescott (283),252 N Lee Blvd,Prescott,AZ,86303,0.1533653796434226
Trader Joe's Ventura (45),1795 S. Victoria Ave,Ventura,CA,93003,0.1247746212370379
Trader Joe's Acton (511),145 Great Rd,Acton,MA,01720,0.0261763539583068
Trader Joe's Bloomfield Hills (675),6536 Telegraph Rd,Bloomfield Hills,MI,48301,0.0963066009705865
Trader Joe's San Luis Obispo (41),3977 Higuera Street,San Luis Obispo,CA,93401,0.1167842967010567
Trader Joe's Walnut Creek (123),1372 S California Blvd,Walnut Creek,CA,94596,0.0744952732190083
Trader Joe's Sacramento (70),2625 Marconi Ave,Sacramento,CA,95821,0.1507761284974348
Trader Joe's Burbank (124),214 E Alameda Ave,Burbank,CA,91502,0.1155500625297666
Trader Joe's Templeton (211),1111 Rossi Road,Templeton,CA,93465,0.1863957274318705
Trader Joe's Kettering (673),328 East Stroop Rd,Kettering,OH,45429,0.1474196408006796
Trader Joe's East Village (546),436 East 14th St,New York,NY,10009,0.069146499261352
Trader Joe's La Jolla (20),8657 Villa la Jolla Dr,La Jolla,CA,92037,0.0614529809253435
Trader Joe's Colorado Springs (305),5342 N Nevada Ave,Colorado Springs,CO,80918,0.1394731048787399
Trader Joe's Westfield (601),155 Elm St,Westfield,NJ,07090,0.0790447269966141
Trader Joe's Westlake (677),175 Market St,Westlake,OH,44145,0.0695085790346768
Trader Joe's Baton Rouge (754),3535 Perkins Rd,Baton Rouge,LA,70808,0.09855327032726899
Trader Joe's San Ramon (246),300 Market Place,San Ramon,CA,94583,0.1076341962447002
Trader Joe's Santa Rosa - Cleveland Ave (75),3225 Cleveland Ave,Santa Rosa,CA,95403,0.0759045716018068
Trader Joe's Philadelphia - Center City (634),2121 Market St,Philadelphia,PA,19103,0.031820897831405
Trader Joe's San Diego - SDSU (224),5140 College Ave,San Diego,CA,92115,0.1290177587140944
Trader Joe's Brentwood (201),5451 Lone Tree Way,Brentwood,CA,94513,0.1252582031203975
Trader Joe's Palm Beach Gardens (772),2560 PGA Blvd,Palm Beach Gardens,FL,33410,0.1954421823168739
Trader Joe's Stockton (76),6535 Pacific Ave,Stockton,CA,95207,0.1684040828276911
Trader Joe's Houston - Alabama Theater (426),2922 S Shepherd Drive,Houston,TX,77098,0.07569093766587501
Trader Joe's Little Rock (756),11500 Financial Centre Pky,Little Rock,AR,72211,0.1076592128815716
Trader Joe's Alexandria (647),612 N Saint Asaph St,Alexandria,VA,22314,0.0360986020921621
Trader Joe's Corvallis (154),1550 NW 9th St,Corvallis,OR,97330,0.0594193946876126
Trader Joe's Sandy Springs (731),6277 Roswell Road NE,Sandy Springs,GA,30328,0.1030289675400293
Trader Joe's Folsom (172),850 East Bidwell,Folsom,CA,95630,0.1084773398175317
Trader Joe's Glenview (681),1407 Waukegan Rd,Glenview,IL,60025,0.0698510638890036
Trader Joe's Medford (155),55 Rossanley Dr,Medford,OR,97501,0.2975412652974923
Trader Joe's Redlands (99),552 Orange St,Redlands,CA,92374,0.1346286151561944
Trader Joe's Berkeley (186),1885 University Ave,Berkeley,CA,94703,0.0411907753643275
Trader Joe's West Seattle (157),4545 Fauntleroy Way SW,Seattle,WA,98116,0.0389383302324437
Trader Joe's Pasadena (East) (32),3035 E Huntington Dr,Pasadena,CA,91107,0.0659289084891805
Trader Joe's Paramus (605),404 Rt 17 N,Paramus,NJ,07652,0.0965397905289185
Trader Joe's Orange (524),560 Boston Post Rd,Orange,CT,06477,0.0629104980724039
Trader Joe's Bend (150),63455 N Hwy 97,Bend,OR,97701,0.1559707999603629
Trader Joe's Saugus (506),358 Broadway,Saugus,MA,01906,0.1310024953679593
Trader Joe's Tucson - Crossroads (88),4766 E Grant Rd,Tucson,AZ,85712,0.1906976965021622
Trader Joe's Arlington Heights (687),17 W Rand Rd,Arlington Heights,IL,60004,0.08399389663133601
Trader Joe's Staten Island (559),2385 Richmond Ave,Staten Island,NY,10314,0.088910976399673
Trader Joe's USC Village (250),3131 S Hoover Street,Los Angeles,CA,90089,0.0109234599916267
Trader Joe's Albuquerque (167),2200 Uptown Loop NE,Albuquerque,NM,87110,0.0844349590451673
Trader Joe's Lake Zurich (684),735 W Route 22,Lake Zurich,IL,60047,0.0962521002112896
Trader Joe's Larkspur (235),2052 Redwood Hwy,Greenbrae,CA,94904,0.0455939707353821
Trader Joe's Syracuse (537),3422 Erie Blvd E,Syracuse,NY,13214,0.0610564458335306
Trader Joe's Olympia (156),1530 Black Lake Blvd SW,Olympia,WA,98502,0.134433338589013
Trader Joe's Framingham (503),659 Worcester Rd,Framingham,MA,01701,0.0696005762818159
Trader Joe's Laguna Niguel - Ocean Ranch (103),32351 Street of the Golden Lantern,Laguna Niguel,CA,92677,0.0929953657379739
Trader Joe's Chapel Hill (745),1800 E Franklin St,Chapel Hill,NC,27514,0.0459248168077446
Trader Joe's Kenwood (669),7788 Montgomery Rd,Cincinnati,OH,45236,0.1271658010129578
Trader Joe's Chicago - South Loop (701),1147 S Wabash Ave,Chicago,IL,60605,0.0511196187494266
Trader Joe's North Hollywood (252),6130 Laurel Canyon Bl,North Hollywood,CA,91606,0.0962402543959164
Trader Joe's Santa Barbara (59),222 North Milpas Street,Santa Barbara,CA,93103,0.0876575199258904
Trader Joe's Schaumburg (705),1426 E Golf Rd,Schaumburg,IL,60173,0.1356976577991716
Trader Joe's Torrance - Hawthorne Blvd (121),19720 Hawthorne Blvd,Torrance,CA,90503,0.0841149258495268
Trader Joe's Oak Park (697),483 N Harlem Ave,Oak Park,IL,60301,0.0524108823961415
Trader Joe's Greensboro (750),3721 Battleground Ave.,Greensboro,NC,27410,0.0981023098779516
Trader Joe's Surprise (92),14095 W Grand Ave,Surprise,AZ,85374,0.2271592509572911
Trader Joe's Santa Fe (165),530 W Cordova Rd,Santa Fe,NM,87505,0.0705520353987457
Trader Joe's Clovis (180),1077 N Willow Ave,Clovis,CA,93611,0.2048947876548127
Trader Joe's Batavia (689),1942 W Fabyan Pkwy,Batavia,IL,60510,0.0811191771258493
Trader Joe's St. Paul (716),484 Lexington Pkwy S,St. Paul,MN,55105,0.0309923714431205
Trader Joe's 72nd & Broadway (542),2073 Broadway,New York,NY,10023,0.0398676981584194
Trader Joe's N Scottsdale (87),7555 E Frank Lloyd Wright,Scottsdale,AZ,85260,0.1214610842619129
Trader Joe's Grand Rapids - Kentwood (707),3684 28th St SE,Kentwood,MI,49512,0.1916824237075267
Trader Joe's Columbia (658),6610 Marie Curie Dr,Elkridge,MD,21075,0.0772299226536048
Trader Joe's Denville (617),3056 State Route 10 West,Denville,NJ,07834,0.0574208871045833
Trader Joe's Huntington Beach (47),18681 Main St,Huntington Beach,CA,92648,0.08827408532929801
Trader Joe's Marlton (631),300 P Route 73 S,Marlton,NJ,08053,0.0849056312793999
Trader Joe's Castro Valley (84),22224 Redwood Rd,Castro Valley,CA,94546,0.0530749434767958
Trader Joe's Manhattan Beach Blvd (34),1821 Manhattan Beach Blvd,Manhattan Beach,CA,90266,0.0555826409481905
Trader Joe's Plano (402),2400 Preston Rd,Plano,TX,75093,0.1166508464331698
Trader Joe's South Pasadena (18),613 Mission St,S. Pasadena,CA,91030,0.0427164261699207
Trader Joe's Los Angeles - 3rd & Fairfax (240),175 South Fairfax Ave,Los Angeles,CA,90036,0.0974129951546273
Trader Joe's Oklahoma City - Nichols Hills (461),6409 Avondale Dr,Nichols Hills,OK,73116,0.1165779037377585
Trader Joe's Tallahassee (763),3425 Thomasville Rd,Tallahassee,FL,32309,0.1017210480270108
Trader Joe's Burien (133),15868 1st Ave S,Burien,WA,98148,0.0814681073657347
Trader Joe's South San Francisco (187),301 MC Lellan Dr,South San Francisco,CA,94080,0.0716962355675459
Trader Joe's Laguna Hills (39),24231 Avenida De La Carlota,Laguna Hills,CA,92653,0.0984807998590468
Trader Joe's Clifton (610),259 Allwood Road,Clifton,NJ,07012,0.0654771143170153
Trader Joe's Charlotte (744),1133 Metropolitan Ave,Charlotte,NC,28204,0.0552774034503298
Trader Joe's South Burlington (527),200 Dorset St,South Burlington,VT,05403,0.0547001618171018
Trader Joe's Calabasas (254),23741 Calabasas Rd.,Calabasas,CA,91302,0.072368955202488
Trader Joe's Culver City (36),9290 Culver Blvd,Culver City,CA,90232,0.0623559020068287
Trader Joe's Seattle - U District (137),4555 Roosevelt Way NE,Seattle,WA,98105,0.0503967123615522
Trader Joe's Salt Lake City (350),634 East 400 South,Salt Lake City,UT,84102,0.0723548854899118
Trader Joe's Wichita (729),1800 N. Rock Road,Wichita,KS,67206,0.1564875511675927
Trader Joe's Oakland - Lakeshore (203),3250 Lakeshore Ave,Oakland,CA,94610,0.0408918855133482
Trader Joe's La Habra,"2101 W. Imperial Hwy, Suite A",La Habra,CA,90631,0.0999316749354209
Trader Joe's Santa Barbara (183),3025 De La Vina St,Santa Barbara,CA,93105,0.0678988999571281
Trader Joe's Rancho Cucamonga (217),6401 Haven Ave,Rancho Cucamonga,CA,91737,0.1483444155368899
Trader Joe's Katy (Cinco Ranch) (429),2717 Commercial Center Blvd,Katy,TX,77494,0.1283460209992051
Trader Joe's Knoxville (663),8001 Kingston Pike,Knoxville,TN,37919,0.1398458481868179
Trader Joe's Goleta (110),5767 Calle Real,Goleta,CA,93117,0.0606401588903237
Trader Joe's St. Petersburg (767),2742 4th St N,St. Petersburg,FL,33704,0.1474900544890652
Trader Joe's State College (629),243 Patriot Lane,State College,PA,16803,0.0674767252026398
Trader Joe's West Los Angeles (7),10850 National Blvd,Los Angeles,CA,90064,0.0457852955465851
Trader Joe's Dublin (672),6355 Sawmill Rd,Dublin,OH,43017,0.1051538852617362
Trader Joe's Manchester (563),1510 Pleasant Valley Road,Manchester,CT,06042,0.0753343250706684
Trader Joe's Raleigh (746),3000 Wake Forest Rd,Raleigh,NC,27609,0.078311879930441
Trader Joe's ASU (91),940 E. University Drive,Tempe,AZ,85281,0.1667360914473123
Trader Joe's Portland NW (146),2122 NW Glisan St,Portland,OR,97210,0.0683444291792802
Trader Joe's Santa Maria (239),1303 S Bradley Rd,Santa Maria,CA,93454,0.1458900145958335
Trader Joe's Carson City (281),3790 US Hwy 395 S,Carson City,NV,89705,0.2743096196327715
Trader Joe's Wilmington (636),5605 Concord Pike,Wilmington,DE,19803,0.15741446333638098
Trader Joe's Jacksonville (769),11112 San Jose Blvd,Jacksonville,FL,32223,0.1620594830043069
Trader Joe's Union Square - Wine Store (541),138 E 14th St,New York,NY,10003,0.0694605529534036
Trader Joe's Tucson (95),1101 N Wilmot Rd,Tucson,AZ,85712,0.1906976965021622
Trader Joe's Fort Point Seaport (566),44 Thomson Place,Boston,MA,02210,0.0636509078097214
Trader Joe's Richmond (786),3000 Stony Point Rd,Richmond,VA,23235,0.0993147621043139
Trader Joe's Kent (163),12966 SE Kent-Kangley Rd,Kent,WA,98030,0.0917459417459524
Trader Joe's Redding (219),845 Browning St,Redding,CA,96003,0.290237691514107
Trader Joe's Irvine -  Walnut Village Ctr (37),14443 Culver Dr,Irvine,CA,92604,0.0772495175174115
Trader Joe's Santa Rosa Ave (178),2100 Santa Rosa Ave,Santa Rosa,CA,95407,0.1078285765214629
Trader Joe's Lake Grove (556),2085 Smith Haven Plaza,Lake Grove,NY,11755,0.1393112850449098
Trader Joe's Menlo Park (69),720 Menlo Ave,Menlo Park,CA,94025,0.033223417158959996
Trader Joe's Westlake Village (58),3835 E Thousand Oaks Blvd,Westlake Village,CA,91362,0.1098448628562276
Trader Joe's San Carlos (174),1482 El Camino Real,San Carlos,CA,94070,0.0366097490212092
Trader Joe's Christiana (759),2500 Fashion Center Blvd.,Newark,DE,19702,0.0878344339296249
Trader Joe's El Cerrito (108),225 El Cerrito Plaza,El Cerrito,CA,94530,0.05420691311546599
Trader Joe's Wilshire (253),2300 Wilshire Blvd #101,Santa Monica,CA,90403,0.0606749907944998
Trader Joe's Mt. Pleasant (752),401 Johnnie Dodds Blvd,Mt. Pleasant,SC,29464,0.0909376499425853
Trader Joe's Nashville (664),3909 Hillsboro Pike,Nashville,TN,37215,0.049704354002295996
Trader Joe's Las Vegas - Centennial Hills (98),5639 Centennial Ctr Blvd,Las Vegas,NV,89149,0.2264590676128189
Trader Joe's Irvine - Woodbury Town Center (210),6222 Irvine Blvd,Irvine,CA,92620,0.0653685893649273
Trader Joe's Milpitas (229),1306 Great Mall Pkwy,Milpitas,CA,95035,0.0911326897474617
Trader Joe's Washington - Capitol Hill (622),750 Pennsylvania Ave SE,Washington,DC,20003,0.0495631724815951
Trader Joe's University Place (148),3800 Bridgeport Way W,University Place,WA,98466,0.143260295327514
Trader Joe's Creve Coeur (694),11505 Olive Blvd,Creve Coeur,MO,63141,0.07119031190991901
Trader Joe's Davie (778),2296 S University Dr,Davie,FL,33324,0.1264939180023912
Trader Joe's Tustin (197),1198 Irvine Blvd.,Tustin,CA,92780,0.1051156223996565
Trader Joe's Omaha (719),10305 Pacific St,Omaha,NE,68114,0.0815076662825699
Trader Joe's North Brunswick (612),869 US-1,North Brunswick,NJ,08902,0.0638289325883154
Trader Joe's Lincoln (722),3120 Pine Lake Rd,Lincoln,NE,68516,0.0585683770438578
Trader Joe's Hillsboro (149),2285 NW 185th Ave,Hillsboro,OR,97124,0.0992554921217706
Trader Joe's West Hills (50),6751 Fallbrook Ave,West Hills,CA,91307,0.0907739554317764
Trader Joe's Dallas West (405),5550 W Lovers Lane,Dallas,TX,75209,0.1078192093475649
Trader Joe's Sunset Blvd (192),8000 W Sunset Blvd,Los Angeles,CA,90046,0.0521154254075618
Trader Joe's Encino (56),17640 Burbank Blvd,Encino,CA,91316,0.065589560774
Trader Joe's Santa Ana (113),3329 S Bristol St,Santa Ana,CA,92704,0.0924970832181202
Trader Joe's Fairfax (643),9464 Main St,Fairfax,VA,22031,0.0412082884215467
Trader Joe's Tucson - Campbell & Limberlost (191),4209 N Campbell Ave,Tucson,AZ,85719,0.1951630941378727
Trader Joe's La Mesa (24),5495 Grossmont Center Dr,La Mesa,CA,91942,0.1178969160743389
Trader Joe's Los Angeles - Burton Way (237),8500 Burton Way,Los Angeles,CA,90048,0.0324747831814633
Trader Joe's Valencia (13),26517 Bouquet Canyon Rd,Santa Clarita,CA,91350,0.12606108940611
Trader Joe's Arch St. (618),1324 Arch St.,Philadelphia,PA,19107,0.0541035499340204
Trader Joe's Federal Way (134),1758 S 320th St,Federal Way,WA,98003,0.1789177899759165
Trader Joe's Reston (646),11958 Killingsworth Ave,Reston,VA,20194,0.0293860956654881
Trader Joe's Ahwatukee (177),4025 E Chandler Blvd,Phoenix,AZ,85048,0.1214415872250528
Trader Joe's La Quinta (189),46400 Washington St,La Quinta,CA,92253,0.16151091377752802
Trader Joe's San Jose - Westgate West (62),5269 Prospect,San Jose,CA,95129,0.0402582544320073
Trader Joe's Elk Grove (190),9670 Bruceville Road,Elk Grove,CA,95757,0.0846535044923968
Trader Joe's Commack (551),5900 Jericho Turnpike,Commack,NY,11725,0.1326478041456055
Trader Joe's Centreville (654),14100 Lee Hwy,Centreville,VA,20120,0.0456796686665505
Trader Joe's Denver (302),661 Logan Street,Denver,CO,80203,0.0530094300775027
Trader Joe's St. Louis Park (710),4500 Excelsior Blvd,St. Louis Park,MN,55416,0.0613672901946428
Trader Joe's Eugene (145),85 Oakway Center,Eugene,OR,97401,0.0699536901507633
Trader Joe's Mountain View (81),590 Showers Dr,Mountain View,CA,94040,0.0498601004997324
Trader Joe's Naples (762),10600 Tamiami Trail N,Naples,FL,34108,0.1981264074863024
Trader Joe's Wellington (774),2877 South State Rd 7,Wellington,FL,33414,0.1658699205714188
Trader Joe's Chicago - River North (696),44 E Ontario St,Chicago,IL,60611,0.11688406474281501
Trader Joe's Long Beach - PCH (43),6451 E Pacific Coast  Hwy,Long Beach,CA,90803,0.0541163709718225
Trader Joe's Silver Spring (652),10741 Columbia Pike,Silver Spring,MD,20901,0.0351271993144857
Trader Joe's Orem (352),440 East Park Avenue,Orem,UT,84097,0.1751740785490862
Trader Joe's Whittier (48),15025 E Whittier Blvd,Whittier,CA,90603,0.0895059855191618
Trader Joe's Portland - Hollywood (144),4121 NE Halsey St,Portland,OR,97232,0.0517364834365314
Trader Joe's Chesterfield (693),1679 Clarkson Rd,Chesterfield,MO,63017,0.0744299473990907
Trader Joe's Houston - S Voss Rd (427),1440 South Voss Road,Houston,TX,77057,0.138220285693283
Trader Joe's Anthem (280),10345 S Eastern Ave,Henderson,NV,89052,0.113775265734646
Trader Joe's Birmingham (737),"205 Summit Blvd, Suite 100",Birmingham,AL,35243,0.0976836242944477
Trader Joe's Queens (557),9030 Metropolitan Ave,Rego Park,NY,11374,0.0699919800797019
Trader Joe's San Diego - Point Loma (188),2401 Truxtun Rd,San Diego,CA,92106,0.1138614372880019
Trader Joe's Naperville (690),44 W Gartner Rd,Naperville,IL,60540,0.0809385287872596
Trader Joe's Thousand Oaks (196),451 Avenida De Los Arboles,Thousand Oaks,CA,91360,0.1199321912862217
Trader Joe's Hyde Park (706),1528 E 55th Street,Chicago,IL,60615,0.0880191338350783
Trader Joe's Gainesville (764),3724 SW Archer Rd,Gainesville,FL,32608,0.0983658562460678
Trader Joe's Concord (60),1150 Concord Ave,Concord,CA,94520,0.1217262613999713
Trader Joe's Libertyville (704),1600 S Milwaukee Ave,Libertyville,IL,60048,0.0533104892615003
Trader Joe's Brick (615),110 Brick Plaza,Brick,NJ,08723,0.1389890788044679
Trader Joe's Kirkland (132),12520 Totem Lake Blvd NE,Kirkland,WA,98034,0.0571304611993934
Trader Joe's Virginia Beach (660),503 Hilltop Plaza,Virginia Beach,VA,23454,0.1571794752526823
Trader Joe's Falls Church - Tyson's Station (641),7514 Leesburg Turnpike,Falls Church,VA,22043,0.0363196435688197
Trader Joe's Cerritos (104),12861 Towne Center Dr,Cerritos,CA,90703,0.0538772422000744
Trader Joe's Des Peres (695),13343 Manchester Rd,Des Peres,MO,63131,0.0827966538013785
Trader Joe's Escondido (105),1885 S Centre City Pkwy,Escondido,CA,92025,0.2286948339106064
Trader Joe's Austin - Seaholm (452),"211 Walter Seaholm Dr, Ste 100",Austin,TX,78701,0.0923196091537906
Trader Joe's West Los Angeles - Sepulveda (119),3456 S Sepulveda Blvd,Los Angeles,CA,90034,0.0583571154069499
Trader Joe's Cottonwood Heights (351),6989 S 1300 E,Cottonwood Heights,UT,84047,0.2489374489665279
Trader Joe's New York - Murray Hill (544),200 E 32nd St,New York,NY,10016,0.0575592019568959
Trader Joe's Pasadena - S Lake Ave (179),345 S Lake Ave,Pasadena,CA,91101,0.0746013654226737
Trader Joe's West Hollywood (40),7310 Santa Monica Blvd,West Hollywood,CA,90046,0.0521154254075618
Trader Joe's Millburn (609),187 Millburn Ave,Millburn,NJ,07041,0.0252048860890221
Trader Joe's Spokane (159),2975 East 29th Ave,Spokane,WA,99223,0.1282626671110003
Trader Joe's Reno (82),5035 S McCarran Blvd,Reno,NV,89502,0.24916531669054395
Trader Joe's Plainview (555),425 S Oyster Bay Rd,Plainview,NY,11803,0.054297474091585994
Trader Joe's San Jose - Old Almaden (63),5353 Almaden Expressway #J-38,San Jose,CA,95118,0.0848303647044005
Trader Joe's Huntington Beach - Brookhurst (241),21431 Brookhurst St,Huntington Beach,CA,92646,0.1188384469505754
Trader Joe's Dallas Far North (407),14856 Preston Rd,Dallas,TX,75254,0.1983314157236601
Trader Joe's Hoboken (611),1350 Willow Ave.,Hoboken,NJ,07030,0.0500209751553568
Trader Joe's Minneapolis (725),721 Washington Ave S,Minneapolis,MN,55415,0.0579614053280114
Trader Joe's Pembroke Pines (775),11960 Pines Blvd,Pembroke Pines,FL,33026,0.102617806067617
Trader Joe's Carlsbad (220),2629 Gateway Rd,Carlsbad,CA,92009,0.1206175652374929
Trader Joe's Stamford (529),1041 High Ridge Rd,Stamford,CT,06905,0.0779017175497295
Trader Joe's Richmond/Short Pump (659),11331 W Broad St,Glen Allen,VA,23060,0.0837026640024757
Trader Joe's Santa Monica (6),3212 Pico Blvd,Santa Monica,CA,90405,0.0377374823427362
Trader Joe's Westport (521),400 Post Road E,Westport,CT,06880,0.0319687143072522
Trader Joe's Greenville (751),59 Woodruff Industrial Ln,Greenville,SC,29607,0.2082565552251413
Trader Joe's Cherry Hill (613),775 Haddonfield Rd,Cherry Hill,NJ,08002,0.0684571717308794
Trader Joe's Paradise Valley (282),4726 East Shea Blvd,Phoenix,AZ,85028,0.1518044015241718
Trader Joe's Washington - 14th St (662),1914 14th St NW,Washington,DC,20009,0.0440317026759732
Trader Joe's Rochester (534),3349 Monroe Ave,Rochester,NY,14618,0.0462009239321456
Trader Joe's Oro Valley (96),7912 N Oracle,Oro Valley,AZ,85704,0.2065336931760926
Trader Joe's San Francisco - 9th St (78),555 9th St,San Francisco,CA,94103,0.0650419953871938
Trader Joe's Pikesville (655),1809 Reisterstown Rd,Pikesville,MD,21208,0.0793673339079278
Trader Joe's San Mateo - Hillsdale (245),45 W Hillsdale Blvd,San Mateo,CA,94403,0.0512328806067669
Trader Joe's Sammamish (160),490 228th Ave NE,Sammamish,WA,98074,0.0422042379038669
Trader Joe's Union Square - Grocery Store (540),142 E 14th St,New York,NY,10003,0.0694605529534036
Trader Joe's Daly City (74),417 Westlake Center,Daly City,CA,94015,0.0610042074469254
Trader Joe's Rochester (718),1200 16th St SW,Rochester,MN,55902,0.0716843557579982
Trader Joe's Los Altos (127),2310 Homestead Rd,Los Altos,CA,94024,0.0302906722956381
Trader Joe's Redmond (140),15932 Redmond Way,Redmond,WA,98052,0.0554876369668038
Trader Joe's Granada Hills (44),11114 Balboa Blvd,Granada Hills,CA,91344,0.0929390458060399
Trader Joe's North Wales (639),1460 Bethlehem Pike,North Wales,PA,19454,0.0659505518326229
Trader Joe's Ithaca (568),744 S Meadow Street,Ithaca,NY,14850,0.0882211265679073
Trader Joe's San Diego - Carmel Mtn Ranch (23),11955 Carmel Mountain Rd,San Diego,CA,92128,0.0784630236980519
Trader Joe's Bakersfield (14),8200 Stockdale Hwy,Bakersfield,CA,93311,0.150066189339756
Trader Joe's Coralville (728),920 Ponseti Way,Coralville,IA,52241,0.0995481808828124
Trader Joe's Los Gatos (181),15466 Los Gatos Blvd,Los Gatos,CA,95032,0.0383105216503295
Trader Joe's McKinney (408),2851 Craig Dr Ste 100,McKinney,TX,75070,0.17151872113768898
Trader Joe's San Dimas (28),856 W Arrow Hwy,San Dimas,CA,91773,0.1145713983259316
Trader Joe's Glover Park (620),2101 Wisconsin Ave NW Suite A,Washington,DC,20007,0.0329496764708798
Trader Joe's Albuquerque (166),8928 Holly Ave NE,Albuquerque,NM,87122,0.0613190668309996
Trader Joe's Phoenix - Town & Country (90),4821 N 20th St,Phoenix,AZ,85016,0.1630176005444353
Trader Joe's South Bend (600),1140 East Howard,South Bend,IN,46617,0.0988876919155025
Trader Joe's Bellevue (162),416 116th Ave NE,Bellevue,WA,98004,0.0555958139452316
Trader Joe's Springfield (651),6394 Springfield Plaza,Springfield,VA,22150,0.0502646224259826
Trader Joe's OrlandoDr. Phillips (768),8323 Sand Lake Rd,Orlando,FL,32819,0.1221434998833608
Trader Joe's San Diego - Pacific Beach (21),1640 Garnet Ave,San Diego,CA,92109,0.0812783405023342
Trader Joe's San Francisco - Nob Hill (200),1095 Hyde St,San Francisco,CA,94109,0.0543531533511162
Trader Joe's Louisville Wine (625),4600 Shelbyville Rd Ste 112,Louisville,KY,40207,0.1044454381824438
Trader Joe's Boston - Back Bay (510),899 Boylston St,Boston,MA,02115,0.0311678320430928
Trader Joe's Hollywood (206),1600 N Vine St,Los Angeles,CA,90028,0.0721715254314659
Trader Joe's Columbia (753),4516 Forest Drive,Columbia,SC,29206,0.1115181122299397
Trader Joe's Brookfield (726),12665 W. Bluemound Rd,Brookfield,WI,53005,0.1721045039096931
Trader Joe's Scarsdale (531),727 White Plains Rd,Scarsdale,NY,10583,0.0276365774938602
Trader Joe's Ballard (147),4609 14th Ave NW,Seattle,WA,98107,0.0314693352427844
Trader Joe's Amherst (536),1565 Niagara Falls Blvd,Buffalo,NY,14228,0.1019003755387465
Trader Joe's Austin - Northwest (454),9722 Great Hills Trail,Austin,TX,78759,0.0989905442993333
Trader Joe's Las Vegas - Downtown Summerlin (284),2315 Summa Dr Ste 100,Las Vegas,NV,89135,0.093685869077473
Trader Joe's Marietta (732),4250 Roswell Road,Marietta,GA,30062,0.141406054759016
Trader Joe's Burlington (515),51 Middlesex Turnpike,Burlington,MA,01803,0.054728652945125994
Trader Joe's Davis (182),885 Russell Blvd,Davis,CA,95616,0.0841026377450183
Trader Joe's Cambridge Fresh Pond (517),211 Alewife Brook Pkwy,Cambridge,MA,02138,0.0292370969876684
Trader Joe's Simi Valley (30),2975-A Cochran St,Simi Valley,CA,93065,0.1211614955361781
Trader Joe's Chelsea (543),675 6th Ave,New York,NY,10010,0.0494577453868571
Trader Joe's Charlottesville (661),2025 Bond St.,Charlottesville,VA,22901,0.0571434884766089
Trader Joe's Westchester (33),8645 S Sepulveda,Westchester,CA,90045,0.0556470566427826
Trader Joe's Shoreview (727),1041 Red Fox Rd,Shoreview,MN,55126,0.0545892570757483
Trader Joe's San Jose - Bollinger (232),7250 Bollinger Rd,San Jose,CA,95129,0.0402582544320073
Trader Joe's Boca Raton (773),855 S Federal Hwy,Boca Raton,FL,33432,0.1651330073495251
Trader Joe's Mesa (89),2050 E Baseline Rd,Mesa,AZ,85204,0.2886249966054793
Trader Joe's Hadley (512),375 Russell St,Hadley,MA,01035,0.0565072822066801
Trader Joe's La Canada (42),475 Foothill Blvd,La Canada,CA,91011,0.0502709250321309
Trader Joe's Coral Springs (782),2796 N. University Drive,Coral Springs,FL,33065,0.2119192991058325
Trader Joe's Rancho Palos Verdes - S. Western Ave. (57),28901 S Western Ave,Rancho Palos Verdes,CA,90275,0.0806506300221986
Trader Joe's Colonie/Albany (535),79 Wolf Rd,Colonie,NY,12205,0.1192011471909766
Trader Joe's Bedford (562),2 Market Street,Bedford,NH,03110,0.0883916709673569
Trader Joe's Pinecrest (770),9205 S Dixie Hwy,Miami,FL,33156,0.1065903184403165
Trader Joe's Chatsworth (184),10330 Mason Ave,Chatsworth,CA,91311,0.1153125930567311
Trader Joe's Newport News (656),12551 Jefferson Ave,Newport News,VA,23602,0.1958352029850146
Trader Joe's Boise (360),300 S Capitol Blvd,Boise,ID,83702,0.0731530878009641
Trader Joe's Rancho Santa Margarita (27),30652 Santa Margarita Pkwy,Rancho Santa Margarita,CA,92688,0.1031631940421266
Trader Joe's Shrewsbury (608),1031 Broad St,Shrewsbury,NJ,07702,0.1221055310528073
Trader Joe's Napa (128),3654 Bel Aire Plaza,Napa,CA,94558,0.0692981265334904
Trader Joe's Tulsa (460),3702 S Peoria Ave,Tulsa,OK,74105,0.12614562224559
Trader Joe's Foxborough - Patriot Place (528),350 Patriot Place,Foxborough,MA,02035,0.0735930566053147
Trader Joe's Salem (153),4450 Commercial St SE,Salem,OR,97302,0.1170083549822872
Trader Joe's Northbrook (682),127 Skokie Blvd,Northbrook,IL,60062,0.0494028185059118
Trader Joe's San Clemente (16),638 Camino de Los Mares,San Clemente,CA,92673,0.0909798124385801
Trader Joe's Manhattan Beach - Rosecrans Blvd (106),1800 Rosecrans Blvd,Manhattan Beach,CA,90266,0.0555826409481905
Trader Joe's Woodland Hills (209),21055 Ventura Blvd,Woodland Hills,CA,91364,0.09758299343458801
Trader Joe's Everett (139),811 SE Everett Mall Way,Everett,WA,98208,0.09425751774322999
Trader Joe's Warwick (518),1000 Bald Hill Rd,Warwick,RI,02886,0.2960588582566779
Trader Joe's Winter Park (765),131 Orlando Ave.,Winter Park,FL,32789,0.128351769427508
Trader Joe's Portland SE (143),4715 SE Cesar Chavez Blvd,Portland,OR,97202,0.0608485876143857
Trader Joe's Pacific Grove (79),1170 Forest Ave,Pacific Grove,CA,93950,0.0746358742636695
Trader Joe's Crestview Hills Grocery (788),2780 Dixie Highway,Crestview Hills,KY,41017,0.1579728597212448
Trader Joe's Westwood (602),20 Irvington St,Westwood,NJ,07675,0.0535925012169131
Trader Joe's San Francisco (100),3 Masonic Ave,San Francisco,CA,94118,0.0307399061143398
Trader Joe's Hewlett (554),1280 West Broadway,Hewlett,NY,11557,0.0842875651258058
Trader Joe's Athens (736),1850 Epps Bridge Pkwy,Athens,GA,30606,0.1281663406692871
Trader Joe's Greenwood Village (303),"5910 S University Blvd, Suite E1",Greenwood Village,CO,80121,0.1053020813462962
Trader Joe's Minnetonka (714),11220 Wayzata Blvd,Minnetonka,MN,55305,0.0582995592493969
Trader Joe's Oceanside (22),2570 Vista Way,Oceanside,CA,92054,0.1956607903655378
Trader Joe's Long Beach - Bixby Knolls (116),4210 Long Beach Blvd,Long Beach,CA,90807,0.0592029990435885
Trader Joe's Edgewater (606),715 River Rd,Edgewater,NJ,07020,0.0646391221335529
Trader Joe's West Hollywood (173),8611 Santa Monica Blvd,West Hollywood,CA,90069,0.0401591032444884
Trader Joe's Oakland - Rockridge (231),5727 College Ave,Oakland,CA,94618,0.0186515251534592
Trader Joe's Arroyo Grande (117),955 Rancho Pkwy,Arroyo Grande,CA,93420,0.1568831271322314
Trader Joe's Fort Wayne (757),4110 W. Jefferson Blvd.,Fort Wayne,IN,46804,0.1861215339002622
Trader Joe's Spokane N (164),5520 N Division St,Spokane,WA,99208,0.2436867845483275
Trader Joe's Crestview Hills Wine (789),2785 Dixie Highway,Crestview Hills,KY,41017,0.1579728597212448
Trader Joe's Chino Hills (216),13911 Peyton Drive,Chino Hills,CA,91709,0.1309974144713074
Trader Joe's Downers Grove (683),122 Ogden Ave,Downers Grove,IL,60515,0.0600102048020278
Trader Joe's Southlake (406),1492 E Southlake Blvd,Southlake,TX,76092,0.1066498499280787
Trader Joe's San Jose - Coleman Ave (212),635 Coleman Ave,San Jose,CA,95110,0.0643765220784573
Trader Joe's Shrewsbury (508),77 Boston Turnpike,Shrewsbury,MA,01545,0.0646443769410285
Trader Joe's Tempe (93),6460 S McClintock Dr,Tempe,AZ,85283,0.1607017464225516
Trader Joe's Fair Oaks (71),5309 Sunrise Blvd,Fair Oaks,CA,95628,0.1415075860340863
Trader Joe's Charlotte - North (743),1820 E Arbors Dr,Charlotte,NC,28262,0.1481215525543877
Trader Joe's Mission Valley (222),1072 Camino Del Rio North,San Diego,CA,92108,0.1416005460059718
Trader Joe's Newington/Portsmouth (520),45 Gosling Rd,Portsmouth,NH,03801,0.0934462453706538
Trader Joe's Palmdale (185),39507 10th St W,Palmdale,CA,93551,0.1475398756451074
Trader Joe's Houston - West (431),11683 Westheimer Rd,Houston,TX,77077,0.1219792843299743
Trader Joe's Eagle Rock (55),1566 Colorado Blvd,Eagle Rock,CA,90041,0.0664969018866097
Trader Joe's Boulder (301),1906 28th St,Boulder,CO,80301,0.0617663709242795
Trader Joe's Oceanside (552),3418 Long Beach Rd,Oceanside,NY,11572,0.088732029877675
Trader Joe's Pittsburgh - South Hills (630),1630 Washington Rd,Pittsburgh,PA,15241,0.0947742894137525
Trader Joe's Algonquin (699),1800 S Randall Rd,Algonquin,IL,60102,0.1216170562246312
Trader Joe's Charlotte - Piper Glen (742),6418 Rea Rd,Charlotte,NC,28277,0.0759628789206571
Trader Joe's Woodbury (715),8960 Hudson Rd. Ste. 801,Woodbury,MN,55125,0.0872397667341321
Trader Joe's Evanston (702),1211 Chicago Avenue,Evanston,IL,60202,0.0427193890649034
Trader Joe's Hermosa Beach (248),1100 Pacific Coast Hwy,Hermosa Beach,CA,90254,0.0545184065163697
Trader Joe's Lexington Wine (626),2320 Nicholasville Road,Lexington,KY,40503,0.0894157297383561
Trader Joe's Bailey's Crossroads (644),5847 Leesburg Pike,Bailey's Crossroads,VA,22041,0.0732437478096557
Trader Joe's Indianapolis - Castleton (671),5473 E 82nd St,Indianapolis,IN,46250,0.16772109308497699
Trader Joe's Encinitas (25),115 N El Camino Real,Encinitas,CA,92024,0.0970000950462371
Trader Joe's Bridgewater (614),315 Promenade Blvd,Bridgewater,NJ,08807,0.0784115092134237
Trader Joe's Marina Del Rey (205),4675 Admiralty Way,Marina Del Rey,CA,90292,0.0632988832418559
Trader Joe's Roseville (80),1117 Roseville Square,Roseville,CA,95678,0.2077307453805962
Trader Joe's Seattle - Capitol Hill (130),1700 Madison St,Seattle,WA,98122,0.0393188727802568
Trader Joe's Grosse Pointe (665),17028 Kercheval Ave,Grosse Pointe,MI,48230,0.0503891925268337
Trader Joe's SoHo (539),233 Spring Street,New York,NY,10013,0.0692731331410204
Trader Joe's Alameda (109),2217 South Shore Center,Alameda,CA,94501,0.0493022835248319
Trader Joe's Tampa (766),3808 W Swann Ave,Tampa,FL,33609,0.1837658842830186
Trader Joe's Capitola (64),3555 Clares St #D,Capitola,CA,95010,0.0590227916032567
Trader Joe's Temecula (102),40665 Winchester Rd,Temecula,CA,92591,0.1845183175359163
Trader Joe's Norcross - Peachtree Corners (734),5185 Peachtree Pkwy,Norcross,GA,30092,0.15094874791127802
Trader Joe's Las Vegas - Summerlin (86),7575 W Washington,Las Vegas,NV,89128,0.2808191813244896
Trader Joe's Culver City (251),6150 Slauson Ave,Culver City,CA,90230,0.0557348481191291
Trader Joe's San Juan Capistrano (249),32151 Camino Capistrano,San Juan Capistrano,CA,92675,0.0876047649259087
Trader Joe's Ann Arbor (678),2398 East Stadium Blvd,Ann Arbor,MI,48104,0.0290970187532714
Trader Joe's Glendale (85),7720 West Bell Rd,Glendale,AZ,85308,0.1557866677429525
Trader Joe's Ardmore (635),112 Coulter Ave,Ardmore,PA,19003,0.0504773876087464
Trader Joe's Northville (667),18771 Traditions Drive,Northville,MI,48167,0.1223862829015325
Trader Joe's Westbury (550),910 Old Country Rd,Garden City,NY,11530,0.048399630337597
Trader Joe's Fort Collins (304),"3500 S College Ave, Ste 110",Fort Collins,CO,80525,0.1262599114255334
Trader Joe's Glendale (53),103 E Glenoaks Blvd,Glendale,CA,91207,0.0401940098193796
Trader Joe's Danville (65),85 Railroad Ave,Danville,CA,94526,0.0333476438016143
Trader Joe's Rockville (642),12268-H Rockville Pike,Rockville,MD,20852,0.0299751329601219
Trader Joe's Littleton (306),8055 West Bowles Ave,Littleton,CO,80123,0.1182223155769785
Trader Joe's Long Beach - Bellflower Blvd (194),2222 North Bellflower Blvd,Long Beach,CA,90815,0.0523676652743356
Trader Joe's Jenkintown (633),933 Old York Rd,Jenkintown,PA,19046,0.0691030477802794
Trader Joe's San Francisco - Stonestown (236),265 Winston Dr,San Francisco,CA,94132,0.0450144716727924
Trader Joe's Fort Lauderdale (776),1560 N Federal Hwy,Fort Lauderdale,FL,33304,0.1210325640802347
Trader Joe's San Rafael (61),337 3rd St,San Rafael,CA,94901,0.0672044215923284
Trader Joe's Toluca Lake (54),10130 Riverside Dr,Toluca Lake,CA,91602,0.0619759914659913
Trader Joe's Washington - Union Market District (621),350 Florida Ave. NE,Washington,DC,20002,0.0678827686054279
Trader Joe's Los Angeles (31),263 S La Brea Ave,Los Angeles,CA,90036,0.0974129951546273
Trader Joe's Hartsdale (533),215 N Central Ave,Hartsdale,NY,10530,0.0685195737073301
Trader Joe's Brooklyn - City Point (547),445 Gold St,Brooklyn,NY,11201,0.0579064564045284
Trader Joe's North Potomac (648),10076 Darnestown Rd,Rockville,MD,20850,0.0310753912733828
Trader Joe's Indianapolis - W 86th (670),2902 W 86th St,Indianapolis,IN,46268,0.1432136901570342
Trader Joe's Sarasota (761),4101 S Tamiami Trail,Sarasota,FL,34231,0.2343748812868086
Trader Joe's Santa Cruz (193),700 Front St,Santa Cruz,CA,95060,0.0805261998154756
Trader Joe's Monterey (204),570 Munras Ave,Monterey,CA,93940,0.1211782025056397
Trader Joe's Agoura Hills (247),28941 Canwood St,Agoura Hills,CA,91301,0.0638004742006429
Trader Joe's Glendale (711),5600 N Port Washington Rd,Milwaukee,WI,53217,0.0516002268761557
Trader Joe's Allston (561),199 North Harvard Street,Allston,MA,02134,0.0591328656589247
Trader Joe's Merrick (553),1714 Merrick Rd,Merrick,NY,11566,0.0722471024431388
Trader Joe's Woodmere (676),28425 Chagrin Blvd,Woodmere,OH,44122,0.0507094638021761
Trader Joe's Silver Lake (17),2738 Hyperion Ave,Los Angeles,CA,90027,0.0621585546029084
Trader Joe's Cathedral City (118),67720 E Palm Canyon Dr,Cathedral City,CA,92234,0.09212972431843199
Trader Joe's Emeryville (72),5700 Christie Ave,Emeryville,CA,94608,0.0505377317492748
Trader Joe's Westwood (234),1000 Glendon Ave,Los Angeles,CA,90024,0.0550821077970683
Trader Joe's Rancho Palos Verdes (233),31176 Hawthorne Blvd,Rancho Palos Verdes,CA,90275,0.0806506300221986
Trader Joe's Dallas  -  Lower Greenville (403),2001 Greenville Ave,Dallas,TX,75206,0.0847243877463361
Trader Joe's Pittsburgh North Hills (624),9020 Covenant Ave,Pittsburgh,PA,15237,0.0974614219850412
Trader Joe's Chula Vista (120),878 Eastlake Pkwy,Chula Vista,CA,91914,0.1293361249595318
Trader Joe's Corona (213),2790 Cabot Dr,Corona,CA,92883,0.171300577834649
Trader Joe's Hingham (530),5 Essington Drive,Hingham,MA,02043,0.0523665942414815
Trader Joe's Roswell (733),635 W Crossville Rd,Roswell,GA,30075,0.0754193254737814
Trader Joe's Torrance - Rolling Hills Plaza (29),2545 Pacific Coast Hwy,Torrance,CA,90505,0.0737747244845989
Trader Joe's La Grange (685),25 N La Grange Rd,La Grange,IL,60525,0.0804814065292185
Trader Joe's Riverside (15),6225 Riverside Plaza,Riverside,CA,92506,0.109762869447331
Trader Joe's Del Mar (223 ),13480 Highlands Place,San Diego,CA,92130,0.0769553472981323
Trader Joe's Vancouver (136),305 SE Chkalov Dr,Vancouver,WA,98683,0.084567916011298
Trader Joe's West Hartford (526),1489 New Britain Ave,West Hartford,CT,06110,0.0935506126624397
Trader Joe's Portland (519),87 Marginal Way,Portland,ME,04101,0.0786226061976261
Trader Joe's Denver Grocery (300),750 N Colorado Blvd,Denver,CO,80206,0.0518512480957259
Trader Joe's Irvine - University Ctr (111),4225 Campus Dr,Irvine,CA,92612,0.05677607284092201
Trader Joe's Essex Crossing (538),400 Grand St. (Cellar),New York,NY,10002,0.1272784949526708
Trader Joe's Bellingham (151),2410 James St,Bellingham,WA,98225,0.1181348498504211
Trader Joe's Somerville (560),145 Middlesex Ave,Somerville,MA,02145,0.0526819049485735
Trader Joe's Cary (741),1393 Kildaire Farm Rd,Cary,NC,27511,0.0680867497415302
Trader Joe's Columbus (679),3888 Townsfair Way,Columbus,OH,43219,0.1832710052765636
Trader Joe's Palo Alto (207),855 El Camino Real,Palo Alto,CA,94301,0.04480882149693799
Trader Joe's Lexington Grocery (627),2326 Nicholasville Rd,Lexington,KY,40503,0.0894157297383561
Trader Joe's Livermore (208),1122 A East Stanley Blvd,Livermore,CA,94550,0.0858996595581779
Trader Joe's Clackamas (152),9345 SE 82nd Ave,Clackamas,OR,97086,0.1467542254896743
Trader Joe's Arlington - Clarendon (640),1109 N Highland St,Arlington,VA,22201,0.0301135620606845
Trader Joe's Florham Park (604),176 Columbia Turnpike,Florham Park,NJ,07932,0.0622069261598343
Trader Joe's Olympic Blvd (215),11755 Olympic Blvd,Los Angeles,CA,90064,0.0457852955465851
Trader Joe's Dallas Knox (400),4525 Cole Ave,Dallas,TX,75205,0.0892452280635223
Trader Joe's Towson (649),800 Kenilworth Drive,Towson,MD,21204,0.0486111595249199
