place,name,blkgrps,population,households,alltransit_performance_score,state
"""1700113""","""Abingdon""",1.51,1018.91,461.39,0.0,IL
"""1700178""","""Adair""",0.01,2.45,1.2,0.0,IL
"""1700230""","""Addieville""",0.02,19.7,8.0,0.0,IL
"""1700243""","""Addison""",25.79,35823.3,12102.32,2.0,IL
"""1700295""","""Adeline""",0.01,9.26,4.14,0.0,IL
"""1700516""","""Albany""",0.52,516.8,212.31,0.0,IL
"""1700555""","""Albers""",0.05,60.07,21.53,0.0,IL
"""1700568""","""Albion""",1.52,1143.29,530.03,0.0,IL
"""1700646""","""Aledo""",0.54,469.82,211.85,0.0,IL
"""1700672""","""Alexis""",0.02,10.12,4.24,0.0,IL
"""1700685""","""Algonquin""",12.9,25749.57,8900.18,0.7,IL
"""1700737""","""Alhambra""",0.02,31.14,11.99,0.0,IL
"""1700815""","""Allendale""",0.01,12.05,4.03,0.0,IL
"""1700867""","""Allenville""",0.01,18.16,6.64,0.0,IL
"""1700880""","""Allerton""",0.01,6.61,2.65,0.0,IL
"""1700919""","""Alma""",0.05,37.15,16.83,0.0,IL
"""1700958""","""Alorton""",2.18,1473.44,577.96,6.4,IL
"""1700971""","""Alpha""",0.07,37.76,18.46,0.0,IL
"""1700997""","""Alsey""",0.01,6.76,3.55,0.0,IL
"""1701010""","""Alsip""",12.73,18286.64,6896.38,3.7,IL
"""1701049""","""Altamont""",1.27,1107.87,413.47,0.0,IL
"""1701114""","""Alton""",26.42,26141.52,11044.74,4.9,IL
"""1701140""","""Altona""",0.03,18.14,7.71,0.0,IL
"""1701205""","""Alto Pass""",0.06,106.14,42.85,0.0,IL
"""1701242""","""Alvan""",0.01,13.06,4.55,0.0,IL
"""1701270""","""Amboy""",1.42,1385.35,537.73,0.0,IL
"""1701361""","""Anchor""",0.0,1.5,0.65,0.0,IL
"""1701426""","""Andalusia""",0.43,364.34,143.84,0.0,IL
"""1701491""","""Andover""",0.07,47.74,19.24,0.0,IL
"""1701543""","""Anna""",1.98,2292.84,845.55,0.0,IL
"""1701556""","""Annapolis""",0.0,0.37,0.17,0.0,IL
"""1701569""","""Annawan""",0.31,291.0,126.7,0.0,IL
"""1701595""","""Antioch""",4.44,9409.33,3460.36,1.7,IL
"""1701647""","""Apple Canyon Lake""",0.1,99.11,49.87,0.0,IL
"""1701673""","""Apple River""",0.02,34.11,14.94,0.0,IL
"""1701881""","""Arcola""",0.78,955.54,357.12,0.0,IL
"""1701946""","""Arenzville""",0.02,15.81,7.01,0.0,IL
"""1701972""","""Argenta""",0.54,410.86,150.08,0.0,IL
"""1702102""","""Arlington""",0.01,5.82,2.26,0.0,IL
"""1702154""","""Arlington Heights""",52.52,75787.1,30454.12,3.5,IL
"""1702206""","""Armington""",0.01,4.33,1.77,0.0,IL
"""1702258""","""Aroma Park""",0.8,675.47,259.75,1.6,IL
"""1702342""","""Arrowsmith""",0.0,2.56,1.02,0.0,IL
"""1702414""","""Arthur""",0.37,426.9,154.73,0.0,IL
"""1702479""","""Ashkum""",0.02,23.89,9.43,0.0,IL
"""1702505""","""Ashland""",0.33,342.01,139.32,0.0,IL
"""1702531""","""Ashley""",0.09,61.93,26.52,0.4,IL
"""1702557""","""Ashmore""",0.24,152.48,72.11,0.0,IL
"""1702583""","""Ashton""",0.06,40.79,16.71,0.0,IL
"""1702609""","""Assumption""",0.17,103.61,47.96,0.0,IL
"""1702635""","""Astoria""",0.03,20.22,8.34,0.0,IL
"""1702674""","""Athens""",0.46,589.96,236.54,0.0,IL
"""1702726""","""Atkinson""",0.47,535.53,206.93,0.0,IL
"""1702752""","""Atlanta""",0.58,524.11,238.11,0.0,IL
"""1702882""","""Atwood""",0.04,26.44,10.23,0.0,IL
"""1702921""","""Auburn""",2.45,2461.25,969.25,0.0,IL
"""1702986""","""Augusta""",0.05,25.32,11.63,0.0,IL
"""1703012""","""Aurora""",99.09,185211.02,57366.88,3.4,IL
"""1703103""","""Ava""",0.02,25.69,11.72,0.0,IL
"""1703181""","""Aviston""",0.27,501.44,186.97,0.0,IL
"""1703207""","""Avon""",0.1,68.62,25.59,0.0,IL
"""1703454""","""Baldwin""",0.02,13.41,6.09,0.0,IL
"""1703571""","""Banner""",0.02,17.44,7.28,0.0,IL
"""1703610""","""Bannockburn""",1.0,1852.02,405.61,1.1,IL
"""1703675""","""Bardolph""",0.01,8.65,3.15,1.0,IL
"""1703844""","""Barrington""",5.13,6713.23,2532.85,3.6,IL
"""1703883""","""Barrington Hills""",4.9,10398.88,3582.55,1.7,IL
"""1703948""","""Barry""",0.24,209.62,89.94,0.0,IL
"""1704000""","""Bartelso""",0.01,16.23,5.63,0.0,IL
"""1704013""","""Bartlett""",20.93,34567.12,11501.74,1.6,IL
"""1704039""","""Bartonville""",4.06,5782.28,2335.21,0.1,IL
"""1704052""","""Basco""",0.0,1.96,0.79,0.0,IL
"""1704078""","""Batavia""",14.14,23165.48,8708.42,2.2,IL
"""1704117""","""Batchtown""",0.03,29.6,10.3,0.0,IL
"""1704156""","""Bath""",0.01,4.11,1.88,0.0,IL
"""1704247""","""Baylis""",0.01,5.98,2.44,0.0,IL
"""1704273""","""Bay View Gardens""",0.22,183.47,70.86,0.0,IL
"""1704303""","""Beach Park""",5.52,10694.41,3732.37,3.0,IL
"""1704351""","""Beardstown""",4.9,4497.75,1666.47,0.0,IL
"""1704403""","""Beason""",0.01,4.74,1.93,0.0,IL
"""1704507""","""Beaverville""",0.0,2.67,1.1,0.0,IL
"""1704533""","""Beckemeyer""",0.17,183.63,78.32,0.0,IL
"""1704572""","""Bedford Park""",2.74,3943.24,1443.79,6.0,IL
"""1704585""","""Beecher""",1.14,1991.42,763.57,0.0,IL
"""1704598""","""Beecher City""",0.03,23.73,10.86,0.0,IL
"""1704689""","""Belgium""",0.12,175.42,74.44,0.4,IL
"""1704715""","""Belknap""",0.02,13.85,5.91,0.0,IL
"""1704793""","""Belle Prairie City""",0.01,6.16,2.83,0.0,IL
"""1704806""","""Belle Rive""",0.02,13.42,5.09,0.0,IL
"""1704845""","""Belleville""",36.86,39613.21,16889.15,6.9,IL
"""1704871""","""Bellevue""",1.18,2119.93,873.47,2.9,IL
"""1704897""","""Bellflower""",0.01,4.53,1.69,0.0,IL
"""1704936""","""Bellmont""",0.01,6.18,3.16,0.0,IL
"""1704975""","""Bellwood""",16.04,19269.83,6202.06,7.2,IL
"""1705092""","""Belvidere""",11.72,20594.72,7423.33,0.0,IL
"""1705144""","""Bement""",0.12,120.25,45.95,0.0,IL
"""1705209""","""Benld""",2.08,1353.06,522.61,0.0,IL
"""1705248""","""Bensenville""",12.01,16101.56,5498.89,5.0,IL
"""1705261""","""Benson""",0.0,2.8,1.21,0.0,IL
"""1705274""","""Bentley""",0.0,1.28,0.51,0.0,IL
"""1705300""","""Benton""",4.46,3928.13,1636.59,0.0,IL
"""1705404""","""Berkeley""",3.45,4777.07,1652.93,6.4,IL
"""1705443""","""Berlin""",0.02,11.18,4.62,0.0,IL
"""1705573""","""Berwyn""",45.0,56367.0,18104.0,8.0,IL
"""1705599""","""Bethalto""",5.91,9361.09,3802.83,2.2,IL
"""1705612""","""Bethany""",0.07,66.26,25.89,0.0,IL
"""1705898""","""Biggsville""",0.01,3.54,1.66,0.0,IL
"""1705976""","""Big Rock""",0.24,191.57,71.13,0.0,IL
"""1706028""","""Bingham""",0.0,4.31,1.72,0.0,IL
"""1706171""","""Bishop Hill""",0.01,5.33,2.09,0.0,IL
"""1706184""","""Bismarck""",0.16,202.4,76.75,0.0,IL
"""1706470""","""Blandinsville""",0.43,327.41,135.53,0.0,IL
"""1706587""","""Bloomingdale""",14.87,23765.09,9143.44,1.6,IL
"""1706613""","""Bloomington""",42.76,63946.61,26120.18,4.7,IL
"""1706704""","""Blue Island""",16.84,21809.03,8018.44,7.9,IL
"""1706756""","""Blue Mound""",0.02,26.4,9.35,0.0,IL
"""1706899""","""Bluffs""",0.02,27.27,9.97,0.0,IL
"""1706964""","""Bluford""",0.09,100.07,35.66,0.0,IL
"""1707133""","""Bolingbrook""",44.12,72930.3,21984.85,2.1,IL
"""1707211""","""Bondville""",0.01,7.34,3.22,0.0,IL
"""1707224""","""Bone Gap""",0.01,8.24,3.23,0.0,IL
"""1707237""","""Bonfield""",0.01,16.23,6.66,0.0,IL
"""1707263""","""Bonnie""",0.12,64.28,24.93,0.0,IL
"""1707315""","""Boody""",0.04,29.04,12.8,0.0,IL
"""1707419""","""Boulder Hill""",6.33,8041.36,2695.48,0.0,IL
"""1707471""","""Bourbonnais""",7.73,16274.46,5498.54,3.4,IL
"""1707510""","""Bowen""",0.01,6.14,2.36,0.0,IL
"""1707640""","""Braceville""",0.84,822.78,300.03,0.0,IL
"""1707692""","""Bradford""",0.01,7.59,2.74,0.0,IL
"""1707744""","""Bradley""",5.64,9795.35,3620.05,4.2,IL
"""1707770""","""Braidwood""",3.07,4205.26,1697.68,0.0,IL
"""1707913""","""Breese""",2.82,2648.92,1141.78,0.0,IL
"""1708186""","""Bridgeport""",1.14,830.19,309.89,0.0,IL
"""1708225""","""Bridgeview""",11.46,17154.36,5734.77,4.9,IL
"""1708264""","""Brighton""",1.1,995.35,378.27,0.0,IL
"""1708303""","""Brimfield""",0.02,28.68,11.25,0.0,IL
"""1708420""","""Broadlands""",0.0,3.53,1.42,0.0,IL
"""1708446""","""Broadview""",5.88,7662.53,3041.88,5.3,IL
"""1708472""","""Broadwell""",0.0,10.86,1.06,0.0,IL
"""1708524""","""Brocton""",0.01,7.53,3.26,0.0,IL
"""1708576""","""Brookfield""",18.88,18855.18,6896.17,6.3,IL
"""1708667""","""Brooklyn""",0.7,545.38,225.1,5.2,IL
"""1708706""","""Brookport""",0.05,75.8,29.74,0.0,IL
"""1708875""","""Broughton""",0.03,11.45,4.82,0.0,IL
"""1708953""","""Browning""",0.01,3.71,1.61,0.0,IL
"""1708979""","""Browns""",0.01,4.8,2.13,0.0,IL
"""1708992""","""Brownstown""",0.06,59.56,22.65,0.0,IL
"""1709148""","""Brussels""",0.01,13.45,5.79,0.0,IL
"""1709161""","""Bryant""",0.01,5.28,2.4,0.0,IL
"""1709304""","""Buckingham""",0.01,5.65,1.9,0.0,IL
"""1709317""","""Buckley""",0.0,4.85,2.19,0.2,IL
"""1709330""","""Buckner""",0.1,63.89,25.81,0.0,IL
"""1709356""","""Buda""",0.03,19.93,8.46,0.0,IL
"""1709434""","""Buffalo""",0.02,18.32,7.69,0.0,IL
"""1709447""","""Buffalo Grove""",22.29,35758.94,13548.99,2.5,IL
"""1709531""","""Bull Valley""",1.58,3580.96,1276.2,1.3,IL
"""1709538""","""Bulpitt""",0.0,4.65,1.91,0.0,IL
"""1709551""","""Buncombe""",0.03,18.41,8.08,0.0,IL
"""1709577""","""Bunker Hill""",0.39,346.51,141.56,0.0,IL
"""1709642""","""Burbank""",23.22,26692.35,8270.78,5.8,IL
"""1709681""","""Bureau Junction""",0.05,31.21,11.71,0.0,IL
"""1709759""","""Burlington""",0.67,604.54,211.04,0.0,IL
"""1709798""","""Burnham""",3.0,4214.0,1385.0,5.6,IL
"""1709889""","""Burnt Prairie""",0.0,1.39,0.59,0.0,IL
"""1709980""","""Burr Ridge""",6.79,10557.01,4327.0,1.8,IL
"""1710084""","""Bush""",0.08,79.34,33.65,0.0,IL
"""1710110""","""Bushnell""",1.72,1177.2,462.72,0.0,IL
"""1710149""","""Butler""",0.01,7.28,3.01,0.0,IL
"""1710240""","""Byron""",1.71,2539.2,1040.22,0.0,IL
"""1710292""","""Cabery""",0.01,6.24,2.46,0.0,IL
"""1710370""","""Cahokia""",11.05,12871.82,4550.54,6.0,IL
"""1710383""","""Cairo""",3.16,2163.31,861.5,0.0,IL
"""1710422""","""Caledonia""",0.04,165.79,47.93,0.0,IL
"""1710448""","""Calhoun""",0.02,15.49,5.59,0.0,IL
"""1710487""","""Calumet City""",30.6,36116.8,13040.61,4.8,IL
"""1710513""","""Calumet Park""",7.23,7536.82,2839.53,7.9,IL
"""1710591""","""Camargo""",0.03,37.11,15.32,0.0,IL
"""1710630""","""Cambria""",0.63,566.41,227.6,0.0,IL
"""1710643""","""Cambridge""",0.38,325.04,128.63,0.0,IL
"""1710695""","""Camden""",0.01,2.37,1.22,0.0,IL
"""1710773""","""Campbell Hill""",0.02,14.5,5.07,0.0,IL
"""1710877""","""Camp Point""",0.11,144.84,55.2,0.0,IL
"""1710906""","""Campton Hills""",3.85,9650.78,3003.23,0.1,IL
"""1710916""","""Campus""",0.0,0.8,0.35,0.2,IL
"""1710936""","""Candlewick Lake""",1.54,3710.49,1332.09,0.0,IL
"""1711007""","""Canton""",11.02,9818.24,3917.94,0.0,IL
"""1711033""","""Cantrall""",0.01,8.53,3.12,0.0,IL
"""1711124""","""Capron""",0.04,76.02,23.42,0.0,IL
"""1711150""","""Carbon Cliff""",1.0,1539.23,591.3,4.4,IL
"""1711163""","""Carbondale""",20.2,22034.2,8628.64,4.5,IL
"""1711176""","""Carbon Hill""",0.03,24.03,9.77,0.0,IL
"""1711202""","""Carlinville""",4.01,3476.96,1385.33,1.7,IL
"""1711215""","""Carlock""",0.02,20.63,6.43,0.0,IL
"""1711228""","""Carlyle""",2.22,1636.91,677.65,0.0,IL
"""1711293""","""Carmi""",3.97,3451.84,1472.45,0.0,IL
"""1711332""","""Carol Stream""",24.51,39932.47,14247.86,2.0,IL
"""1711358""","""Carpentersville""",12.73,29665.88,8393.36,2.5,IL
"""1711397""","""Carrier Mills""",1.04,1357.37,577.99,0.0,IL
"""1711462""","""Carrollton""",0.12,110.06,45.78,0.0,IL
"""1711514""","""Carterville""",3.36,4279.27,1655.27,0.0,IL
"""1711527""","""Carthage""",1.14,869.57,382.14,0.0,IL
"""1711592""","""Cary""",9.03,15533.3,5342.26,2.8,IL
"""1711618""","""Casey""",2.07,1375.13,662.72,0.0,IL
"""1711644""","""Caseyville""",3.0,4636.88,1792.74,4.8,IL
"""1711774""","""Catlin""",0.81,1187.86,540.34,0.0,IL
"""1711826""","""Cave-In-Rock""",0.01,9.48,2.74,0.0,IL
"""1711982""","""Cedar Point""",0.06,72.85,33.59,0.0,IL
"""1712008""","""Cedarville""",0.04,29.21,12.91,0.0,IL
"""1712151""","""Central City""",0.53,421.74,171.13,0.3,IL
"""1712164""","""Centralia""",13.7,11373.86,5012.8,1.7,IL
"""1712203""","""Centreville""",6.13,5068.23,1977.18,6.4,IL
"""1712268""","""Cerro Gordo""",1.03,636.86,260.25,0.0,IL
"""1712294""","""Chadwick""",0.01,6.89,2.93,0.0,IL
"""1712385""","""Champaign""",52.32,75046.66,30067.4,7.9,IL
"""1712450""","""Chandlerville""",0.02,15.54,6.74,0.0,IL
"""1712476""","""Channahon""",3.81,8553.31,2768.48,0.1,IL
"""1712489""","""Channel Lake""",1.11,1101.93,449.97,0.0,IL
"""1712528""","""Chapin""",0.04,29.68,12.56,0.0,IL
"""1712567""","""Charleston""",14.31,15532.34,5490.72,0.0,IL
"""1712684""","""Chatham""",3.11,5768.13,2174.98,0.9,IL
"""1712710""","""Chatsworth""",0.05,59.27,24.68,0.0,IL
"""1712801""","""Chebanse""",0.05,45.17,16.99,0.0,IL
"""1712879""","""Chemung""",0.02,15.45,5.87,1.1,IL
"""1712931""","""Chenoa""",0.8,824.45,338.78,0.0,IL
"""1712970""","""Cherry""",0.03,16.11,6.73,0.0,IL
"""1713074""","""Cherry Valley""",4.01,4363.27,1822.49,0.9,IL
"""1713139""","""Chester""",3.05,2339.76,928.88,0.0,IL
"""1713165""","""Chesterfield""",0.01,17.32,6.6,0.0,IL
"""1713230""","""Chestnut""",0.0,1.07,0.47,0.0,IL
"""1714000""","""Chicago""",2178.6,2723671.93,1046517.53,9.1,IL
"""1714026""","""Chicago Heights""",22.52,29623.05,10185.57,4.7,IL
"""1714065""","""Chicago Ridge""",9.54,13255.16,4775.18,5.7,IL
"""1714117""","""Chillicothe""",3.73,4504.79,1887.68,0.0,IL
"""1714273""","""Chrisman""",0.18,96.89,43.8,0.0,IL
"""1714286""","""Christopher""",0.95,810.7,319.72,0.0,IL
"""1714351""","""Cicero""",61.0,83735.0,22302.0,8.3,IL
"""1714442""","""Cisco""",0.01,4.19,1.84,0.0,IL
"""1714455""","""Cisne""",0.06,44.25,20.06,0.0,IL
"""1714468""","""Cissna Park""",0.02,12.72,5.68,0.0,IL
"""1714533""","""Claremont""",0.02,15.05,5.07,0.0,IL
"""1714572""","""Clarendon Hills""",5.3,8533.22,3079.3,5.4,IL
"""1714715""","""Clay City""",0.03,49.48,19.45,0.0,IL
"""1714767""","""Clayton""",0.14,102.98,45.89,0.0,IL
"""1714845""","""Clear Lake""",0.02,24.3,9.36,0.1,IL
"""1714923""","""Cleveland""",0.07,40.46,15.5,1.4,IL
"""1714936""","""Clifton""",0.86,1173.5,428.64,0.0,IL
"""1715001""","""Clinton""",4.04,4499.69,1846.18,0.0,IL
"""1715170""","""Coal City""",3.5,4854.7,1825.54,0.0,IL
"""1715209""","""Coalton""",0.02,21.54,9.4,0.0,IL
"""1715235""","""Coal Valley""",1.15,1122.69,496.76,0.1,IL
"""1715261""","""Coatsburg""",0.0,3.05,1.16,0.0,IL
"""1715300""","""Cobden""",1.02,920.79,325.7,0.0,IL
"""1715352""","""Coffeen""",0.11,82.67,35.8,0.0,IL
"""1715378""","""Colchester""",0.38,318.88,130.49,0.0,IL
"""1715469""","""Coleta""",0.02,17.07,5.77,0.0,IL
"""1715495""","""Colfax""",0.27,287.38,106.3,0.0,IL
"""1715599""","""Collinsville""",15.86,23075.77,9719.31,4.8,IL
"""1715664""","""Colona""",3.54,3088.28,1186.84,2.8,IL
"""1715807""","""Colp""",0.01,10.57,4.37,0.0,IL
"""1715833""","""Columbia""",2.51,6856.86,2654.15,1.6,IL
"""1715846""","""Columbus""",0.01,5.39,2.12,0.0,IL
"""1715950""","""Como""",0.05,61.38,22.56,0.0,IL
"""1715989""","""Compton""",0.0,2.35,0.92,0.0,IL
"""1716054""","""Concord""",0.0,2.79,1.27,0.0,IL
"""1716119""","""Congerville""",0.05,51.02,19.28,0.0,IL
"""1716210""","""Cooksville""",0.0,1.92,0.82,0.0,IL
"""1716366""","""Cordova""",0.02,23.43,9.51,0.0,IL
"""1716405""","""Cornell""",0.06,24.06,11.04,0.0,IL
"""1716431""","""Cornland""",0.0,1.01,0.51,0.0,IL
"""1716470""","""Cortland""",0.21,770.11,263.38,0.7,IL
"""1716613""","""Coulterville""",0.16,109.77,45.02,0.0,IL
"""1716691""","""Country Club Hills""",8.9,13681.03,4561.74,2.7,IL
"""1716873""","""Countryside""",5.75,6341.39,2662.93,4.0,IL
"""1717055""","""Cowden""",0.03,23.09,10.56,0.0,IL
"""1717077""","""Coyne Center""",0.16,460.39,179.24,1.9,IL
"""1717094""","""Crab Orchard""",0.04,63.3,24.12,0.0,IL
"""1717185""","""Crainville""",1.04,1226.82,494.69,0.0,IL
"""1717289""","""Creal Springs""",0.03,37.02,15.95,0.0,IL
"""1717406""","""Crescent City""",0.02,17.93,7.37,0.0,IL
"""1717458""","""Crest Hill""",9.25,18200.14,5958.42,2.6,IL
"""1717471""","""Creston""",0.03,85.17,31.83,0.0,IL
"""1717497""","""Crestwood""",7.24,10692.92,4823.73,4.0,IL
"""1717523""","""Crete""",5.48,7104.18,2793.57,0.6,IL
"""1717549""","""Creve Coeur""",4.12,5856.32,2344.83,1.2,IL
"""1717783""","""Crossville""",0.01,6.37,2.84,0.0,IL
"""1717887""","""Crystal Lake""",22.08,38314.13,13746.32,1.7,IL
"""1717939""","""Crystal Lawns""",1.69,1868.28,623.03,1.6,IL
"""1717991""","""Cuba""",0.06,40.4,14.88,0.0,IL
"""1718030""","""Cullom""",0.01,7.58,2.74,0.0,IL
"""1718147""","""Curran""",0.2,97.33,37.16,0.0,IL
"""1718225""","""Cutler""",0.1,61.09,20.96,0.0,IL
"""1718251""","""Cypress""",0.01,9.88,4.21,0.0,IL
"""1718303""","""Dahlgren""",0.02,17.95,7.8,0.0,IL
"""1718342""","""Dakota""",0.01,8.58,3.15,0.0,IL
"""1718420""","""Dallas City""",0.08,107.33,43.53,0.0,IL
"""1718446""","""Dalton City""",0.02,14.53,5.52,0.0,IL
"""1718459""","""Dalzell""",0.13,223.38,95.92,0.0,IL
"""1718472""","""Damiansville""",0.03,26.97,9.26,0.0,IL
"""1718485""","""Dana""",0.0,2.11,0.99,0.0,IL
"""1718498""","""Danforth""",0.0,6.51,2.39,0.0,IL
"""1718537""","""Danvers""",0.07,93.9,34.47,0.0,IL
"""1718563""","""Danville""",19.39,23883.56,9139.43,2.9,IL
"""1718628""","""Darien""",16.21,22205.63,9259.69,2.2,IL
"""1718641""","""Darmstadt""",0.0,3.7,1.33,0.0,IL
"""1718706""","""Davis""",0.02,41.68,17.75,0.0,IL
"""1718719""","""Davis Junction""",0.1,403.32,138.72,0.0,IL
"""1718745""","""Dawson""",0.04,35.63,15.0,0.5,IL
"""1718771""","""Dayton""",0.04,56.04,23.01,0.0,IL
"""1718823""","""Decatur""",65.7,66953.92,28281.41,4.0,IL
"""1718940""","""Deer Creek""",0.02,26.91,10.13,0.0,IL
"""1718992""","""Deerfield""",9.99,18155.63,6603.12,5.9,IL
"""1719031""","""Deer Grove""",0.01,5.2,1.88,0.0,IL
"""1719083""","""Deer Park""",2.97,5271.15,1710.35,0.2,IL
"""1719161""","""DeKalb""",24.67,35058.8,12305.76,4.2,IL
"""1719200""","""De Land""",0.01,6.33,2.72,0.0,IL
"""1719226""","""Delavan""",1.83,1190.99,537.1,0.0,IL
"""1719499""","""De Pue""",1.15,956.74,350.08,0.0,IL
"""1719616""","""De Soto""",0.03,57.87,22.6,0.0,IL
"""1719642""","""Des Plaines""",45.7,61321.52,22927.55,6.5,IL
"""1719681""","""Detroit""",0.0,2.19,1.07,0.0,IL
"""1719798""","""De Witt""",0.0,3.2,1.43,0.0,IL
"""1719837""","""Diamond""",0.95,1412.65,572.73,0.0,IL
"""1719915""","""Dieterich""",0.04,62.04,21.14,0.0,IL
"""1720045""","""Divernon""",0.03,28.85,13.23,0.0,IL
"""1720123""","""Dix""",0.15,106.33,49.78,0.0,IL
"""1720149""","""Dixmoor""",2.25,3786.64,1085.72,6.1,IL
"""1720162""","""Dixon""",12.03,9839.88,3952.97,0.0,IL
"""1720292""","""Dolton""",17.56,22321.33,7463.79,4.6,IL
"""1720305""","""Dongola""",0.26,251.3,86.33,0.0,IL
"""1720318""","""Donnellson""",0.0,18.69,2.38,0.0,IL
"""1720331""","""Donovan""",0.01,4.86,2.29,0.0,IL
"""1720370""","""Dorchester""",0.03,20.85,9.37,0.0,IL
"""1720526""","""Dover""",0.01,4.73,2.01,0.2,IL
"""1720565""","""Dowell""",0.03,21.57,8.67,0.0,IL
"""1720591""","""Downers Grove""",35.68,50014.6,20075.54,5.0,IL
"""1720643""","""Downs""",0.12,151.85,54.69,0.0,IL
"""1720890""","""Du Bois""",0.04,18.98,9.42,0.0,IL
"""1721098""","""Dunfermline""",0.01,12.39,5.02,0.0,IL
"""1721176""","""Dunlap""",0.11,273.71,88.82,1.1,IL
"""1721254""","""Dupo""",1.79,2682.11,1042.51,2.3,IL
"""1721267""","""Du Quoin""",4.39,4403.58,1926.91,1.4,IL
"""1721280""","""Durand""",0.24,358.02,146.84,0.0,IL
"""1721358""","""Dwight""",3.6,3822.45,1675.97,2.3,IL
"""1721410""","""Eagarville""",0.06,48.59,19.07,0.0,IL
"""1721540""","""Earlville""",0.54,570.44,220.81,0.0,IL
"""1721553""","""East Alton""",8.12,7227.0,3137.74,4.3,IL
"""1721579""","""East Brooklyn""",0.0,3.83,1.57,0.0,IL
"""1721605""","""East Cape Girardeau""",0.07,68.14,23.39,0.0,IL
"""1721618""","""East Carondelet""",0.13,101.42,37.2,1.7,IL
"""1721683""","""East Dubuque""",1.27,1356.74,578.9,0.1,IL
"""1721696""","""East Dundee""",2.78,4334.1,1513.62,3.4,IL
"""1721826""","""East Galesburg""",0.46,409.65,202.78,0.3,IL
"""1721852""","""East Gillespie""",0.13,91.17,37.75,0.0,IL
"""1721904""","""East Hazel Crest""",1.51,1748.22,672.76,7.0,IL
"""1722073""","""East Moline""",15.63,20115.98,8145.25,5.3,IL
"""1722151""","""Easton""",0.0,2.68,1.22,0.0,IL
"""1722164""","""East Peoria""",12.2,19603.95,8696.02,1.9,IL
"""1722255""","""East St. Louis""",28.72,25590.16,10398.1,8.6,IL
"""1722398""","""Eddyville""",0.0,3.02,1.15,0.0,IL
"""1722567""","""Edgewood""",0.02,36.92,13.11,0.0,IL
"""1722645""","""Edinburg""",0.03,42.01,17.51,0.0,IL
"""1722697""","""Edwardsville""",11.98,21829.37,7339.69,4.3,IL
"""1722736""","""Effingham""",5.33,8070.48,3387.76,1.4,IL
"""1722931""","""Elburn""",0.7,1365.26,516.71,4.1,IL
"""1722957""","""El Dara""",0.01,8.17,3.14,0.0,IL
"""1723009""","""Eldorado""",3.88,3069.45,1202.39,0.0,IL
"""1723022""","""Eldred""",0.0,1.43,0.53,0.0,IL
"""1723074""","""Elgin""",67.11,105420.69,33978.01,4.8,IL
"""1723165""","""Elizabeth""",0.15,119.86,54.79,0.0,IL
"""1723191""","""Elizabethtown""",0.04,24.14,11.55,0.0,IL
"""1723256""","""Elk Grove Village""",18.93,30058.1,11901.93,1.9,IL
"""1723269""","""Elkhart""",0.02,15.87,7.8,0.0,IL
"""1723373""","""Elkville""",0.03,41.65,15.52,0.0,IL
"""1723425""","""Elliott""",0.01,5.96,2.21,0.0,IL
"""1723503""","""Ellis Grove""",0.02,16.2,7.69,0.0,IL
"""1723529""","""Ellisville""",0.0,2.5,0.98,0.0,IL
"""1723555""","""Ellsworth""",0.0,2.9,1.16,0.0,IL
"""1723620""","""Elmhurst""",29.54,45828.43,15868.9,4.6,IL
"""1723698""","""Elmwood""",0.09,219.62,83.74,0.0,IL
"""1723724""","""Elmwood Park""",21.0,24831.0,9247.0,8.0,IL
"""1723737""","""El Paso""",0.07,126.88,46.96,0.0,IL
"""1723776""","""Elsah""",0.1,118.96,37.42,0.0,IL
"""1723841""","""Elvaston""",0.01,7.88,3.2,0.0,IL
"""1723945""","""Elwood""",0.56,1238.21,465.74,0.8,IL
"""1723971""","""Emden""",0.0,3.72,1.51,0.0,IL
"""1724062""","""Emington""",0.0,0.98,0.43,0.2,IL
"""1724166""","""Energy""",0.51,682.59,260.66,0.0,IL
"""1724179""","""Enfield""",0.03,25.94,11.29,0.0,IL
"""1724348""","""Equality""",0.01,10.18,5.35,0.0,IL
"""1724374""","""Erie""",0.06,66.82,27.92,0.0,IL
"""1724452""","""Essex""",0.06,103.75,37.22,0.0,IL
"""1724543""","""Eureka""",1.37,1410.84,509.73,0.0,IL
"""1724582""","""Evanston""",58.0,75557.0,28727.0,8.5,IL
"""1724608""","""Evansville""",0.31,225.2,92.35,0.0,IL
"""1724634""","""Evergreen Park""",20.31,19033.35,6800.99,7.1,IL
"""1724673""","""Ewing""",0.02,17.35,6.34,0.0,IL
"""1724699""","""Exeter""",0.01,4.52,2.12,0.0,IL
"""1724764""","""Fairbury""",0.68,1268.62,572.03,0.0,IL
"""1724816""","""Fairfield""",2.98,2819.96,1428.16,0.0,IL
"""1724920""","""Fairmont""",1.42,1469.17,441.66,3.4,IL
"""1724933""","""Fairmont City""",3.33,3136.67,915.35,4.6,IL
"""1724985""","""Fairmount""",0.09,53.8,22.13,0.0,IL
"""1725063""","""Fairview""",0.06,61.69,24.04,0.0,IL
"""1725141""","""Fairview Heights""",10.45,14470.35,5957.12,5.9,IL
"""1725375""","""Farina""",0.07,54.12,19.04,0.0,IL
"""1725414""","""Farmer City""",0.16,195.78,89.01,0.0,IL
"""1725440""","""Farmersville""",0.04,30.58,12.93,0.0,IL
"""1725531""","""Farmington""",1.0,885.77,358.62,0.0,IL
"""1725713""","""Fayetteville""",0.01,6.65,2.71,0.0,IL
"""1725895""","""Ferris""",0.03,21.31,8.67,0.0,IL
"""1725960""","""Fidelity""",0.0,1.19,0.46,0.0,IL
"""1726012""","""Fieldon""",0.0,3.04,1.09,0.0,IL
"""1726077""","""Fillmore""",0.02,14.42,6.28,0.0,IL
"""1726116""","""Findlay""",0.06,52.06,23.57,0.0,IL
"""1726194""","""Fisher""",0.04,54.25,20.24,0.0,IL
"""1726233""","""Fithian""",0.02,8.42,3.62,0.0,IL
"""1726311""","""Flanagan""",0.0,9.56,3.84,0.0,IL
"""1726350""","""Flat Rock""",0.05,25.44,12.65,0.0,IL
"""1726454""","""Flora""",1.09,1938.95,835.02,0.0,IL
"""1726467""","""Floraville""",0.0,4.49,1.62,0.0,IL
"""1726480""","""Florence""",0.0,1.87,0.92,0.0,IL
"""1726571""","""Flossmoor""",8.14,10575.67,3962.87,4.7,IL
"""1726662""","""Foosland""",0.0,3.64,1.34,0.0,IL
"""1726710""","""Ford Heights""",2.15,2718.93,936.22,3.9,IL
"""1726753""","""Forest City""",0.01,8.79,3.42,0.0,IL
"""1726896""","""Forest Lake""",0.23,500.39,169.45,0.0,IL
"""1726935""","""Forest Park""",11.32,13399.83,6687.52,9.2,IL
"""1726987""","""Forest View""",0.78,799.69,253.31,3.8,IL
"""1727026""","""Forrest""",0.74,483.39,186.16,0.0,IL
"""1727065""","""Forreston""",0.09,105.85,42.12,0.0,IL
"""1727091""","""Forsyth""",0.12,455.72,174.84,1.3,IL
"""1727442""","""Fox Lake""",5.13,9294.89,3897.01,4.7,IL
"""1727455""","""Fox Lake Hills""",2.28,2738.44,1105.2,0.2,IL
"""1727533""","""Fox River Grove""",2.67,3693.25,1348.8,4.8,IL
"""1727624""","""Frankfort""",8.62,16229.77,5377.29,0.0,IL
"""1727644""","""Frankfort Square""",5.18,8137.41,2616.29,0.1,IL
"""1727663""","""Franklin""",0.02,13.98,5.33,0.0,IL
"""1727689""","""Franklin Grove""",0.11,133.76,45.19,0.0,IL
"""1727702""","""Franklin Park""",15.95,20746.65,7118.16,7.0,IL
"""1727806""","""Freeburg""",1.61,2452.96,991.75,0.1,IL
"""1727858""","""Freeman Spur""",0.04,67.91,26.95,0.0,IL
"""1727884""","""Freeport""",22.22,20623.06,8988.02,0.0,IL
"""1728144""","""Fulton""",3.37,2808.31,1322.27,0.2,IL
"""1728170""","""Fults""",0.0,0.7,0.28,0.0,IL
"""1728248""","""Gages Lake""",5.73,9892.38,3642.28,3.3,IL
"""1728261""","""Galatia""",0.2,149.56,62.15,0.0,IL
"""1728300""","""Galena""",3.85,2730.61,1254.75,0.0,IL
"""1728326""","""Galesburg""",29.22,26192.12,10711.12,4.2,IL
"""1728430""","""Galva""",0.52,459.71,202.39,0.0,IL
"""1728612""","""Garden Prairie""",0.02,19.58,7.15,0.0,IL
"""1728638""","""Gardner""",2.11,1229.24,466.37,0.0,IL
"""1728742""","""Garrett""",0.0,2.01,0.68,0.0,IL
"""1728807""","""Gays""",0.01,7.5,3.13,0.0,IL
"""1728846""","""Geneseo""",2.97,2893.21,1195.87,0.0,IL
"""1728872""","""Geneva""",11.7,21307.45,7953.99,3.3,IL
"""1728898""","""Genoa""",0.64,1060.27,435.72,0.0,IL
"""1728950""","""Georgetown""",0.06,56.42,19.68,1.3,IL
"""1728963""","""Georgetown""",1.19,1468.3,612.38,0.4,IL
"""1729041""","""Germantown""",0.22,308.35,128.74,0.0,IL
"""1729080""","""Germantown Hills""",0.43,1026.08,382.46,0.0,IL
"""1729093""","""German Valley""",0.03,24.73,9.51,0.0,IL
"""1729125""","""Gibson City""",1.93,1744.83,769.6,0.0,IL
"""1729145""","""Gifford""",0.06,65.18,25.25,0.0,IL
"""1729171""","""Gilberts""",1.02,4318.85,1330.76,0.2,IL
"""1729236""","""Gillespie""",3.22,2411.22,1045.19,0.0,IL
"""1729275""","""Gilman""",0.07,82.72,32.86,0.7,IL
"""1729340""","""Gilson""",0.0,2.04,0.91,0.0,IL
"""1729392""","""Girard""",1.82,1254.52,521.07,0.0,IL
"""1729431""","""Gladstone""",0.01,11.02,4.91,0.0,IL
"""1729483""","""Glasford""",0.48,336.44,118.24,0.0,IL
"""1729496""","""Glasgow""",0.02,41.18,16.7,0.0,IL
"""1729639""","""Glen Carbon""",5.72,11401.29,4595.72,3.2,IL
"""1729652""","""Glencoe""",7.68,8562.97,3083.55,6.7,IL
"""1729730""","""Glendale Heights""",18.87,29257.55,9449.04,1.9,IL
"""1729756""","""Glen Ellyn""",19.54,28097.36,10648.64,4.9,IL
"""1729938""","""Glenview""",29.48,46505.39,16927.66,5.8,IL
"""1730029""","""Glenwood""",4.58,5559.04,1907.84,2.3,IL
"""1730094""","""Godfrey""",8.87,17298.27,7159.93,2.0,IL
"""1730120""","""Godley""",0.14,179.44,59.87,0.0,IL
"""1730133""","""Golconda""",0.01,8.19,3.2,0.0,IL
"""1730159""","""Golden""",0.01,6.88,2.93,0.0,IL
"""1730250""","""Golden Gate""",0.0,0.88,0.39,0.0,IL
"""1730328""","""Golf""",0.65,662.49,227.21,7.6,IL
"""1730445""","""Goodfield""",0.09,106.56,39.36,0.0,IL
"""1730458""","""Good Hope""",0.01,5.36,2.14,0.0,IL
"""1730510""","""Goofy Ridge""",0.03,24.73,12.01,0.0,IL
"""1730575""","""Goreville""",0.2,197.65,82.8,0.0,IL
"""1730588""","""Gorham""",0.01,12.31,5.51,0.0,IL
"""1730653""","""Grafton""",0.07,109.17,49.42,0.0,IL
"""1730705""","""Grand Detour""",0.06,49.28,20.8,0.0,IL
"""1730757""","""Grand Ridge""",0.02,16.49,6.65,0.0,IL
"""1730770""","""Grand Tower""",0.02,17.29,7.71,0.0,IL
"""1730835""","""Grandview""",0.63,810.33,363.36,3.9,IL
"""1730900""","""Grandwood Park""",1.92,2773.43,938.12,3.6,IL
"""1730926""","""Granite City""",29.04,29916.21,12778.08,5.0,IL
"""1730978""","""Grantfork""",0.01,14.82,5.34,0.0,IL
"""1730991""","""Grant Park""",0.56,763.82,301.07,0.0,IL
"""1731017""","""Granville""",0.73,542.78,242.31,0.0,IL
"""1731121""","""Grayslake""",8.73,20183.07,7502.75,4.7,IL
"""1731165""","""Grayville""",0.09,108.77,45.13,0.0,IL
"""1731368""","""Greenfield""",0.06,54.09,22.31,0.0,IL
"""1731446""","""Green Oaks""",1.61,2979.51,1075.14,0.2,IL
"""1731524""","""Greenup""",0.92,725.53,278.1,0.0,IL
"""1731563""","""Green Valley""",0.11,79.23,34.97,0.0,IL
"""1731576""","""Greenview""",0.1,88.49,37.21,0.0,IL
"""1731589""","""Greenville""",4.97,6625.19,1861.21,0.0,IL
"""1731667""","""Greenwood""",0.17,352.49,133.08,0.5,IL
"""1731732""","""Gridley""",0.02,42.96,16.18,0.0,IL
"""1731771""","""Griggsville""",0.05,39.75,14.65,0.0,IL
"""1731992""","""Gulf Port""",0.04,9.31,5.73,0.2,IL
"""1732018""","""Gurnee""",14.82,26226.11,9494.25,3.2,IL
"""1732200""","""Hainesville""",1.99,6389.11,2050.12,4.1,IL
"""1732395""","""Hamburg""",0.01,3.73,1.33,0.0,IL
"""1732408""","""Hamel""",0.09,97.32,36.95,0.0,IL
"""1732434""","""Hamilton""",1.65,1278.14,530.67,0.0,IL
"""1732499""","""Hammond""",0.02,12.45,5.83,0.0,IL
"""1732525""","""Hampshire""",1.32,4428.63,1798.81,0.0,IL
"""1732564""","""Hampton""",1.61,2207.5,615.29,3.7,IL
"""1732616""","""Hanaford""",0.03,49.43,21.41,0.0,IL
"""1732668""","""Hanna City""",0.06,109.2,49.7,0.0,IL
"""1732707""","""Hanover""",0.03,18.03,9.54,0.0,IL
"""1732746""","""Hanover Park""",24.25,35720.29,10615.33,3.0,IL
"""1732850""","""Hardin""",0.21,243.79,87.35,0.0,IL
"""1732967""","""Harmon""",0.0,2.0,0.73,0.0,IL
"""1733136""","""Harrisburg""",8.2,7309.08,3019.59,0.0,IL
"""1733162""","""Harrison""",0.53,607.18,279.02,0.0,IL
"""1733227""","""Harristown""",0.2,174.23,72.04,0.7,IL
"""1733279""","""Hartford""",2.2,2093.13,817.03,3.3,IL
"""1733318""","""Hartsburg""",0.0,2.95,1.21,0.0,IL
"""1733331""","""Harvard""",3.18,4668.77,1536.14,4.7,IL
"""1733357""","""Harvel""",0.02,15.33,6.41,0.0,IL
"""1733383""","""Harvey""",19.24,22241.2,8256.09,7.4,IL
"""1733435""","""Harwood Heights""",5.87,8145.15,3286.6,7.8,IL
"""1733513""","""Havana""",3.91,2647.89,1113.74,0.0,IL
"""1733630""","""Hawthorn Woods""",2.75,6969.07,2298.36,0.0,IL
"""1733695""","""Hazel Crest""",8.8,14354.53,5068.32,5.0,IL
"""1733851""","""Hebron""",0.2,288.32,107.64,0.0,IL
"""1733877""","""Hecker""",0.01,9.19,3.39,0.0,IL
"""1734007""","""Henderson""",0.01,4.24,1.68,0.0,IL
"""1734098""","""Hennepin""",0.31,325.63,131.94,0.0,IL
"""1734137""","""Henning""",0.02,24.05,8.54,0.0,IL
"""1734163""","""Henry""",1.08,950.42,383.38,0.0,IL
"""1734272""","""Heritage Lake""",0.05,125.24,46.0,0.0,IL
"""1734332""","""Herrick""",0.01,6.86,2.68,0.0,IL
"""1734358""","""Herrin""",8.34,9069.52,3742.01,0.0,IL
"""1734384""","""Herscher""",0.5,358.96,148.17,0.0,IL
"""1734423""","""Hettick""",0.01,3.84,1.5,0.0,IL
"""1734449""","""Heyworth""",0.81,1268.65,462.3,0.0,IL
"""1734514""","""Hickory Hills""",9.92,14716.23,5258.43,4.9,IL
"""1734553""","""Hidalgo""",0.01,2.92,1.35,0.0,IL
"""1734670""","""Highland""",3.59,6037.1,2482.85,0.2,IL
"""1734722""","""Highland Park""",24.15,29521.91,11420.71,5.9,IL
"""1734865""","""Highwood""",3.81,5371.23,1955.75,7.0,IL
"""1734982""","""Hillcrest""",0.32,681.24,241.71,0.0,IL
"""1735047""","""Hillsboro""",2.71,2467.16,1071.34,0.0,IL
"""1735073""","""Hillsdale""",0.03,25.79,9.34,0.8,IL
"""1735086""","""Hillside""",6.98,8718.33,3097.74,5.4,IL
"""1735203""","""Hillview""",0.02,10.31,3.64,0.0,IL
"""1735268""","""Hinckley""",0.13,296.2,110.19,0.0,IL
"""1735281""","""Hindsboro""",0.01,5.28,1.9,0.0,IL
"""1735307""","""Hinsdale""",12.25,17220.63,5414.44,4.6,IL
"""1735385""","""Hodgkins""",0.75,894.77,348.06,4.6,IL
"""1735398""","""Hoffman""",0.01,16.2,6.06,0.0,IL
"""1735411""","""Hoffman Estates""",30.77,49499.64,17451.88,2.3,IL
"""1735515""","""Holiday Hills""",0.41,560.14,208.97,0.0,IL
"""1735541""","""Holiday Shores""",0.19,245.2,95.47,0.0,IL
"""1735671""","""Hollowayville""",0.0,0.7,0.27,0.0,IL
"""1735814""","""Homer""",1.06,760.3,264.37,0.0,IL
"""1735835""","""Homer Glen""",16.67,24385.12,8257.49,0.8,IL
"""1735866""","""Hometown""",5.0,4344.0,1877.0,7.7,IL
"""1735879""","""Homewood""",13.21,18075.53,7036.07,6.4,IL
"""1736061""","""Hoopeston""",4.04,3271.67,1465.0,0.0,IL
"""1736074""","""Hooppole""",0.0,3.09,1.11,0.0,IL
"""1736126""","""Hopedale""",0.01,22.83,8.7,0.0,IL
"""1736150""","""Hopewell""",0.07,80.53,33.68,0.0,IL
"""1736190""","""Hopkins Park""",0.45,257.63,97.44,0.0,IL
"""1736347""","""Hoyleton""",0.03,27.87,8.49,0.0,IL
"""1736438""","""Hudson""",0.07,157.18,53.28,0.0,IL
"""1736477""","""Huey""",0.0,4.04,1.58,0.0,IL
"""1736516""","""Hull""",0.02,19.54,8.42,0.0,IL
"""1736542""","""Humboldt""",0.01,5.63,2.31,0.0,IL
"""1736568""","""Hume""",0.0,3.61,1.51,0.0,IL
"""1736750""","""Huntley""",3.54,14537.54,5234.96,0.0,IL
"""1736815""","""Hurst""",0.15,149.32,63.33,0.0,IL
"""1736841""","""Hutsonville""",0.05,30.74,13.29,0.0,IL
"""1737127""","""Illiopolis""",0.28,134.69,57.35,0.0,IL
"""1737179""","""Ina""",0.1,288.51,25.82,0.0,IL
"""1737218""","""Indian Creek""",1.05,1460.25,519.21,1.1,IL
"""1737257""","""Indian Head Park""",2.75,3096.23,1361.57,2.4,IL
"""1737348""","""Indianola""",0.01,8.66,3.48,0.0,IL
"""1737439""","""Industry""",0.0,5.49,2.53,0.0,IL
"""1737465""","""Ingalls Park""",1.87,2380.72,926.85,1.8,IL
"""1737608""","""Inverness""",5.51,9696.7,3261.03,0.9,IL
"""1737621""","""Iola""",0.01,15.93,5.99,0.0,IL
"""1737647""","""Ipava""",0.01,8.21,3.34,0.0,IL
"""1737712""","""Iroquois""",0.01,8.94,4.21,0.0,IL
"""1737738""","""Irving""",0.02,17.39,6.18,0.0,IL
"""1737777""","""Irvington""",0.27,234.44,87.54,0.7,IL
"""1737803""","""Irwin""",0.0,1.35,0.52,0.0,IL
"""1737894""","""Island Lake""",4.99,7020.29,2707.18,0.0,IL
"""1737907""","""Itasca""",4.16,7689.37,2951.39,5.2,IL
"""1737933""","""Iuka""",0.02,19.95,7.99,0.0,IL
"""1737998""","""Ivesdale""",0.02,24.04,8.43,0.0,IL
"""1738115""","""Jacksonville""",16.6,17638.44,6672.18,0.0,IL
"""1738323""","""Jeffersonville""",0.03,28.39,11.5,0.0,IL
"""1738349""","""Jeisyville""",0.01,6.15,2.82,0.0,IL
"""1738375""","""Jerome""",1.93,1873.93,901.57,5.3,IL
"""1738414""","""Jerseyville""",4.61,4239.45,1857.63,0.0,IL
"""1738427""","""Jewett""",0.03,48.87,20.19,0.0,IL
"""1738479""","""Johnsburg""",4.51,7080.05,2604.96,2.2,IL
"""1738531""","""Johnsonville""",0.0,2.95,1.18,0.0,IL
"""1738544""","""Johnston City""",2.36,1894.7,788.33,0.0,IL
"""1738570""","""Joliet""",85.56,130423.02,42582.53,3.1,IL
"""1738635""","""Jonesboro""",0.95,1015.08,410.3,0.0,IL
"""1738674""","""Joppa""",0.02,22.86,7.86,0.0,IL
"""1738739""","""Joy""",0.01,6.89,3.15,0.0,IL
"""1738778""","""Junction""",0.03,17.86,7.29,0.0,IL
"""1738791""","""Junction City""",0.06,69.94,26.99,0.0,IL
"""1738830""","""Justice""",6.7,12203.89,4326.67,3.8,IL
"""1738856""","""Kampsville""",0.03,25.1,10.19,0.0,IL
"""1738869""","""Kane""",0.01,8.62,3.31,0.0,IL
"""1738895""","""Kaneville""",0.01,11.48,4.6,0.0,IL
"""1738921""","""Kangley""",0.03,32.24,12.4,0.0,IL
"""1738934""","""Kankakee""",24.42,25897.96,8989.12,4.8,IL
"""1738986""","""Kansas""",0.03,23.56,10.91,0.0,IL
"""1739038""","""Kappa""",0.02,18.41,5.94,0.0,IL
"""1739077""","""Karnak""",0.09,71.17,27.06,0.0,IL
"""1739129""","""Kaskaskia""",0.0,9.9,0.63,0.0,IL
"""1739233""","""Keenes""",0.0,1.81,0.72,0.0,IL
"""1739259""","""Keensburg""",0.01,3.57,1.21,0.0,IL
"""1739298""","""Keithsburg""",0.36,195.03,82.26,0.0,IL
"""1739324""","""Kell""",0.02,22.1,8.58,0.0,IL
"""1739441""","""Kempton""",0.01,3.13,1.46,0.0,IL
"""1739519""","""Kenilworth""",2.08,2518.38,793.31,7.7,IL
"""1739532""","""Kenney""",0.01,8.36,3.46,0.0,IL
"""1739727""","""Kewanee""",7.1,6810.59,2905.83,1.2,IL
"""1739753""","""Keyesport""",0.02,17.12,7.21,0.0,IL
"""1739857""","""Kilbourne""",0.02,10.73,4.63,0.0,IL
"""1739883""","""Kildeer""",2.54,3507.98,1165.29,0.0,IL
"""1739909""","""Kincaid""",1.03,838.91,363.83,0.0,IL
"""1739922""","""Kinderhook""",0.01,9.75,4.17,0.0,IL
"""1740065""","""Kingston""",0.07,135.42,39.6,0.0,IL
"""1740091""","""Kingston Mines""",0.11,114.32,44.45,0.0,IL
"""1740117""","""Kinmundy""",0.18,219.06,79.85,0.0,IL
"""1740143""","""Kinsman""",0.0,0.82,0.31,0.0,IL
"""1740156""","""Kirkland""",0.18,330.27,115.78,0.0,IL
"""1740182""","""Kirkwood""",0.03,23.41,9.29,0.0,IL
"""1740364""","""Knollwood""",1.27,1282.43,443.79,0.1,IL
"""1740416""","""Knoxville""",1.31,1646.47,673.92,0.0,IL
"""1740559""","""Lacon""",0.2,191.68,74.35,0.0,IL
"""1740598""","""Ladd""",0.26,228.41,97.41,0.0,IL
"""1740676""","""La Fayette""",0.0,1.77,0.79,0.0,IL
"""1740767""","""La Grange""",13.47,14662.51,4922.17,6.3,IL
"""1740793""","""La Grange Park""",8.56,12065.98,4404.6,6.0,IL
"""1740832""","""La Harpe""",0.02,32.54,13.38,0.0,IL
"""1740884""","""Lake Barrington""",2.93,4611.22,1961.35,0.0,IL
"""1740910""","""Lake Bluff""",4.85,5223.25,1806.78,5.1,IL
"""1740962""","""Lake Camelot""",0.17,408.26,135.97,0.0,IL
"""1740988""","""Lake Catherine""",0.97,1900.24,643.71,0.4,IL
"""1741105""","""Lake Forest""",12.68,19290.16,6854.43,4.0,IL
"""1741157""","""Lake Holiday""",1.24,2621.13,867.26,0.0,IL
"""1741183""","""Lake in the Hills""",12.93,27606.1,9372.01,0.6,IL
"""1741214""","""Lake Ka-Ho""",0.01,10.14,3.72,0.0,IL
"""1741326""","""Lakemoor""",1.49,3643.98,1402.54,0.2,IL
"""1741346""","""Lake of the Woods""",0.51,1365.23,489.06,0.0,IL
"""1741404""","""Lake Petersburg""",0.78,472.38,265.22,0.0,IL
"""1741456""","""Lake Summerset""",1.05,953.68,469.2,0.0,IL
"""1741586""","""Lake Villa""",3.34,8708.54,3049.7,1.9,IL
"""1741651""","""Lakewood""",2.05,4966.19,1641.34,0.1,IL
"""1741716""","""Lakewood Shores""",0.96,1396.2,524.54,0.0,IL
"""1741742""","""Lake Zurich""",8.72,17112.53,5667.0,0.0,IL
"""1741794""","""La Moille""",0.03,24.67,10.07,0.0,IL
"""1741859""","""Lanark""",0.43,359.32,155.59,0.0,IL
"""1742002""","""Langleyville""",0.02,18.84,8.81,0.0,IL
"""1742028""","""Lansing""",25.47,29106.18,11311.32,2.1,IL
"""1742067""","""LaPlace""",0.01,6.03,2.5,0.0,IL
"""1742080""","""La Prairie""",0.0,2.22,1.0,0.0,IL
"""1742171""","""La Rose""",0.0,2.15,0.86,0.0,IL
"""1742184""","""LaSalle""",9.69,8955.26,3873.69,0.0,IL
"""1742249""","""Latham""",0.0,3.48,1.5,0.0,IL
"""1742405""","""Lawrenceville""",4.25,3320.69,1503.49,0.0,IL
"""1742457""","""Leaf River""",0.03,26.8,11.89,0.0,IL
"""1742496""","""Lebanon""",0.54,1358.43,538.75,1.7,IL
"""1742587""","""Lee""",0.0,4.9,1.9,0.0,IL
"""1742756""","""Leland""",0.03,33.91,13.27,0.0,IL
"""1742769""","""Leland Grove""",1.5,1667.64,687.84,3.3,IL
"""1742795""","""Lemont""",7.24,14400.78,5017.0,1.0,IL
"""1742834""","""Lena""",1.51,1435.07,626.35,0.0,IL
"""1742860""","""Lenzburg""",0.04,49.97,17.22,0.0,IL
"""1742912""","""Leonore""",0.0,0.85,0.4,0.0,IL
"""1742938""","""Lerna""",0.0,7.98,3.09,0.0,IL
"""1742971""","""Le Roy""",1.05,1315.21,558.56,0.0,IL
"""1743055""","""Lewistown""",1.29,1050.21,452.65,0.0,IL
"""1743094""","""Lexington""",0.33,308.91,117.17,0.0,IL
"""1743133""","""Liberty""",0.02,12.03,4.57,0.0,IL
"""1743250""","""Libertyville""",12.44,18808.36,6841.74,4.3,IL
"""1743406""","""Lily Lake""",0.55,1155.82,393.82,0.0,IL
"""1743445""","""Lima""",0.0,2.41,1.01,0.0,IL
"""1743510""","""Limestone""",0.21,332.66,126.38,0.0,IL
"""1743536""","""Lincoln""",10.7,10863.73,4398.19,1.7,IL
"""1743666""","""Lincolnshire""",3.08,6168.95,2533.57,3.2,IL
"""1743744""","""Lincolnwood""",10.0,12637.0,4268.0,6.8,IL
"""1743770""","""Lindenhurst""",6.11,10485.41,3735.19,0.4,IL
"""1743900""","""Lisbon""",0.05,41.63,13.97,0.0,IL
"""1743939""","""Lisle""",16.76,23063.56,9834.1,4.5,IL
"""1743965""","""Litchfield""",3.34,3725.16,1698.24,0.0,IL
"""1744056""","""Littleton""",0.01,14.06,3.28,0.0,IL
"""1744082""","""Little York""",0.01,3.67,1.59,0.0,IL
"""1744121""","""Liverpool""",0.0,1.14,0.47,0.0,IL
"""1744160""","""Livingston""",0.57,457.08,218.35,0.0,IL
"""1744173""","""Loami""",0.06,58.72,25.98,0.0,IL
"""1744225""","""Lockport""",12.28,21019.14,7544.24,2.3,IL
"""1744264""","""Loda""",0.05,31.86,14.37,0.0,IL
"""1744381""","""Lomax""",0.02,23.28,9.39,0.0,IL
"""1744407""","""Lombard""",30.16,43493.33,16849.23,3.7,IL
"""1744446""","""London Mills""",0.03,18.16,7.77,0.0,IL
"""1744498""","""Long Creek""",0.14,331.24,128.21,1.3,IL
"""1744524""","""Long Grove""",6.09,11398.71,3560.88,0.8,IL
"""1744550""","""Long Lake""",2.55,3284.09,1244.0,5.4,IL
"""1744576""","""Long Point""",0.0,1.92,0.83,0.0,IL
"""1744602""","""Longview""",0.0,2.71,1.09,0.0,IL
"""1744719""","""Loraine""",0.01,12.05,5.05,0.0,IL
"""1744823""","""Lostant""",0.03,20.36,7.83,0.0,IL
"""1744836""","""Lost Nation""",0.05,59.02,30.1,0.0,IL
"""1744927""","""Louisville""",0.04,53.28,22.18,0.0,IL
"""1745031""","""Loves Park""",18.39,22452.37,9503.49,2.3,IL
"""1745044""","""Lovington""",0.02,19.91,8.14,0.0,IL
"""1745174""","""Ludlow""",0.02,10.93,4.27,0.0,IL
"""1745278""","""Lyndon""",0.03,29.28,12.15,0.0,IL
"""1745369""","""Lynnville""",0.0,3.68,1.37,0.0,IL
"""1745421""","""Lynwood""",5.25,7445.98,2665.75,2.0,IL
"""1745434""","""Lyons""",7.71,10300.0,3764.55,6.0,IL
"""1745525""","""McClure""",0.05,52.77,18.12,0.0,IL
"""1745564""","""McCook""",0.45,920.49,293.53,5.4,IL
"""1745616""","""McCullom Lake""",0.17,446.92,170.3,2.9,IL
"""1745642""","""Macedonia""",0.0,3.65,1.39,0.0,IL
"""1745694""","""McHenry""",8.87,20484.32,7716.04,3.6,IL
"""1745726""","""Machesney Park""",19.35,22762.07,8583.44,1.7,IL
"""1745785""","""Mackinaw""",0.06,134.4,52.64,0.0,IL
"""1745811""","""McLean""",0.0,5.5,2.21,0.0,IL
"""1745824""","""McLeansboro""",1.3,1029.07,446.21,0.0,IL
"""1745850""","""McNabb""",0.01,11.46,4.33,0.0,IL
"""1745889""","""Macomb""",12.89,13735.56,4338.59,5.1,IL
"""1745941""","""Macon""",0.06,52.06,21.57,0.0,IL
"""1745993""","""Madison""",6.09,5499.87,2192.38,4.7,IL
"""1746058""","""Maeystown""",0.01,11.53,4.31,0.0,IL
"""1746110""","""Magnolia""",0.02,18.74,7.09,0.0,IL
"""1746136""","""Mahomet""",2.4,5922.68,2141.17,0.0,IL
"""1746214""","""Makanda""",0.33,325.01,128.87,0.0,IL
"""1746240""","""Malden""",0.01,4.91,2.09,0.2,IL
"""1746279""","""Malta""",0.01,21.54,7.84,0.0,IL
"""1746331""","""Manchester""",0.03,18.16,7.34,0.0,IL
"""1746357""","""Manhattan""",1.5,3827.63,1173.88,1.8,IL
"""1746383""","""Manito""",0.47,404.53,178.05,0.0,IL
"""1746422""","""Manlius""",0.01,4.96,1.93,0.0,IL
"""1746487""","""Mansfield""",0.67,530.82,237.92,0.0,IL
"""1746500""","""Manteno""",3.72,4007.55,1627.93,2.6,IL
"""1746604""","""Maple Park""",0.26,372.39,131.21,0.0,IL
"""1746643""","""Mapleton""",0.05,69.53,29.18,0.1,IL
"""1746695""","""Maquon""",0.0,2.31,1.08,0.0,IL
"""1746786""","""Marengo""",1.26,2888.86,1013.98,0.0,IL
"""1746825""","""Marietta""",0.01,3.88,1.93,0.0,IL
"""1746864""","""Marine""",0.13,144.15,64.18,0.0,IL
"""1746916""","""Marion""",11.25,14562.69,6273.38,0.0,IL
"""1746955""","""Marissa""",0.84,522.39,245.32,0.0,IL
"""1746981""","""Mark""",0.07,51.98,23.09,0.0,IL
"""1747007""","""Markham""",9.56,12938.08,4476.76,5.6,IL
"""1747072""","""Maroa""",0.26,163.91,66.97,0.0,IL
"""1747111""","""Marquette Heights""",0.73,997.58,369.15,0.8,IL
"""1747150""","""Marseilles""",3.81,3415.94,1260.31,0.0,IL
"""1747163""","""Marshall""",2.46,1957.65,821.88,0.0,IL
"""1747254""","""Martinsville""",0.36,283.26,125.69,0.0,IL
"""1747280""","""Martinton""",0.01,6.18,2.3,0.0,IL
"""1747397""","""Maryville""",2.27,5477.96,2159.82,2.7,IL
"""1747423""","""Mascoutah""",4.17,5374.82,1843.35,1.7,IL
"""1747449""","""Mason""",0.03,47.18,16.75,0.0,IL
"""1747475""","""Mason City""",1.21,1036.1,447.89,0.0,IL
"""1747527""","""Matherville""",0.09,84.83,31.63,0.0,IL
"""1747540""","""Matteson""",8.35,18205.34,6419.17,2.4,IL
"""1747553""","""Mattoon""",12.45,11328.49,4775.77,1.2,IL
"""1747592""","""Maunie""",0.0,1.18,0.54,0.0,IL
"""1747774""","""Maywood""",18.7,23749.27,7376.98,7.2,IL
"""1747787""","""Mazon""",0.5,332.92,123.78,0.0,IL
"""1748021""","""Mechanicsburg""",0.04,45.75,16.28,0.0,IL
"""1748073""","""Media""",0.03,15.11,7.15,0.0,IL
"""1748138""","""Medora""",0.01,12.1,4.61,0.0,IL
"""1748242""","""Melrose Park""",18.82,24938.06,7302.38,7.3,IL
"""1748268""","""Melvin""",0.01,9.48,3.44,0.0,IL
"""1748307""","""Mendon""",0.14,136.4,55.33,0.0,IL
"""1748333""","""Mendota""",4.56,4104.2,1448.96,1.8,IL
"""1748359""","""Menominee""",0.08,71.57,31.02,0.0,IL
"""1748424""","""Meredosia""",0.04,41.54,18.05,0.0,IL
"""1748554""","""Merrionette Park""",1.27,1030.39,499.43,4.7,IL
"""1748606""","""Metamora""",0.57,940.69,346.63,0.0,IL
"""1748632""","""Metcalf""",0.0,4.63,1.94,0.0,IL
"""1748645""","""Metropolis""",5.92,5382.81,2408.83,0.0,IL
"""1748671""","""Mettawa""",1.11,2764.14,1045.38,2.2,IL
"""1748853""","""Middletown""",0.0,2.91,1.22,0.0,IL
"""1748892""","""Midlothian""",10.46,15260.37,5469.75,5.9,IL
"""1749009""","""Milan""",3.01,4153.96,2001.49,4.4,IL
"""1749048""","""Milford""",0.1,69.43,30.06,0.0,IL
"""1749100""","""Millbrook""",0.06,80.75,35.05,0.0,IL
"""1749178""","""Mill Creek""",0.01,6.11,2.71,0.0,IL
"""1749191""","""Milledgeville""",0.02,21.35,8.81,0.0,IL
"""1749308""","""Millington""",0.06,176.55,34.75,0.0,IL
"""1749347""","""Mill Shoals""",0.01,15.41,6.41,0.0,IL
"""1749386""","""Millstadt""",0.79,1067.94,415.61,0.0,IL
"""1749477""","""Milton""",0.0,3.32,1.22,0.0,IL
"""1749516""","""Mineral""",0.01,5.17,2.14,0.0,IL
"""1749555""","""Minier""",0.02,28.34,10.81,0.0,IL
"""1749568""","""Minonk""",2.0,1497.96,583.4,0.0,IL
"""1749607""","""Minooka""",2.12,6876.8,2239.64,0.0,IL
"""1749698""","""Mitchell""",0.09,150.97,61.06,4.1,IL
"""1749802""","""Modesto""",0.01,5.83,2.62,0.0,IL
"""1749854""","""Mokena""",10.32,17339.83,5924.02,3.0,IL
"""1749867""","""Moline""",31.48,42956.54,18306.26,6.6,IL
"""1749893""","""Momence""",1.72,1603.94,583.82,0.0,IL
"""1749945""","""Monee""",2.32,2832.71,1278.42,0.2,IL
"""1750010""","""Monmouth""",7.21,6522.98,2284.47,0.0,IL
"""1750062""","""Monroe Center""",0.04,25.1,10.97,0.0,IL
"""1750218""","""Montgomery""",6.46,13936.15,4799.26,0.3,IL
"""1750244""","""Monticello""",4.11,2948.83,1349.98,0.0,IL
"""1750283""","""Montrose""",0.02,20.5,7.54,0.0,IL
"""1750491""","""Morris""",8.87,11050.54,4756.5,0.0,IL
"""1750530""","""Morrison""",1.76,1223.33,458.56,0.0,IL
"""1750543""","""Morrisonville""",0.04,38.41,15.64,0.0,IL
"""1750621""","""Morton""",4.64,8977.66,3818.58,0.0,IL
"""1750647""","""Morton Grove""",18.79,23834.4,8425.81,7.2,IL
"""1750751""","""Mound City""",0.09,50.31,19.81,0.0,IL
"""1750777""","""Mounds""",0.1,120.02,46.89,0.0,IL
"""1750790""","""Mound Station""",0.0,2.52,1.06,0.0,IL
"""1750829""","""Mount Auburn""",0.02,14.0,6.22,0.0,IL
"""1750868""","""Mount Carmel""",5.49,5078.72,2200.19,0.0,IL
"""1750881""","""Mount Carroll""",1.1,486.59,214.14,0.0,IL
"""1750920""","""Mount Clare""",0.1,119.29,46.24,0.0,IL
"""1750933""","""Mount Erie""",0.0,2.87,1.11,0.0,IL
"""1750998""","""Mount Morris""",1.8,1398.61,678.52,0.0,IL
"""1751024""","""Mount Olive""",0.31,283.06,104.98,0.0,IL
"""1751089""","""Mount Prospect""",39.5,54100.57,20367.95,5.0,IL
"""1751128""","""Mount Pulaski""",0.18,165.3,65.69,0.0,IL
"""1751154""","""Mount Sterling""",1.68,1616.49,580.32,0.0,IL
"""1751180""","""Mount Vernon""",12.47,11153.33,5046.67,0.0,IL
"""1751206""","""Mount Zion""",2.22,3819.95,1469.44,0.1,IL
"""1751232""","""Moweaqua""",0.28,268.65,111.2,0.0,IL
"""1751271""","""Muddy""",0.02,17.25,5.94,0.0,IL
"""1751284""","""Mulberry Grove""",0.18,144.46,63.01,0.0,IL
"""1751310""","""Mulkeytown""",0.01,8.15,3.45,0.0,IL
"""1751336""","""Muncie""",0.01,5.02,2.08,0.0,IL
"""1751349""","""Mundelein""",15.52,28983.55,9717.88,2.0,IL
"""1751453""","""Murphysboro""",8.0,6296.15,2632.17,0.0,IL
"""1751479""","""Murrayville""",0.01,11.7,5.29,0.0,IL
"""1751622""","""Naperville""",82.86,133112.94,46728.51,3.5,IL
"""1751648""","""Naplate""",0.01,7.91,3.69,0.0,IL
"""1751661""","""Naples""",0.01,3.97,1.86,0.0,IL
"""1751700""","""Nashville""",1.15,931.24,371.54,0.0,IL
"""1751726""","""Nason""",0.03,36.56,15.1,0.0,IL
"""1751791""","""Nauvoo""",0.83,639.81,244.77,0.0,IL
"""1751882""","""Nebo""",0.01,8.73,3.57,0.0,IL
"""1751947""","""Nelson""",0.03,20.49,9.03,0.0,IL
"""1751986""","""Neoga""",0.86,563.49,204.27,0.0,IL
"""1751999""","""Neponset""",0.03,21.56,8.34,0.0,IL
"""1752103""","""Newark""",0.59,534.32,184.81,0.0,IL
"""1752116""","""New Athens""",0.92,1299.42,449.07,0.0,IL
"""1752142""","""New Baden""",1.09,1947.51,728.2,0.0,IL
"""1752155""","""New Bedford""",0.0,3.48,1.38,0.0,IL
"""1752168""","""New Berlin""",0.12,211.91,75.8,0.0,IL
"""1752220""","""New Boston""",0.13,80.76,36.77,0.0,IL
"""1752285""","""New Burnside""",0.03,24.95,11.32,0.0,IL
"""1752311""","""New Canton""",0.02,7.38,3.45,0.0,IL
"""1752415""","""New Douglas""",0.02,26.05,9.47,0.0,IL
"""1752467""","""New Grand Chain""",0.03,21.03,6.14,0.0,IL
"""1752506""","""New Haven""",0.02,28.45,12.03,0.0,IL
"""1752545""","""New Holland""",0.01,4.07,1.75,0.0,IL
"""1752584""","""New Lenox""",13.17,22078.59,7372.55,2.1,IL
"""1752623""","""Newman""",0.03,23.0,10.08,0.0,IL
"""1752701""","""New Milford""",0.6,522.36,215.61,1.3,IL
"""1752714""","""New Minden""",0.01,2.67,1.28,0.0,IL
"""1752805""","""New Salem""",0.01,11.34,4.76,0.0,IL
"""1752844""","""Newton""",3.79,2696.71,1136.98,0.0,IL
"""1752961""","""Niantic""",0.33,137.84,62.48,0.0,IL
"""1753000""","""Niles""",21.25,30337.87,11261.79,7.4,IL
"""1753039""","""Nilwood""",0.01,6.7,2.83,0.0,IL
"""1753143""","""Noble""",0.05,52.08,17.92,0.0,IL
"""1753169""","""Nokomis""",0.59,586.69,228.5,0.0,IL
"""1753195""","""Nora""",0.02,12.51,4.32,0.0,IL
"""1753234""","""Normal""",26.24,47499.35,16579.94,6.1,IL
"""1753377""","""Norridge""",11.76,14075.69,5114.43,7.0,IL
"""1753390""","""Norris""",0.01,6.63,2.9,0.0,IL
"""1753403""","""Norris City""",0.77,1029.83,466.24,0.0,IL
"""1753442""","""North Aurora""",7.15,11418.87,4118.08,2.0,IL
"""1753455""","""North Barrington""",2.36,3877.32,1397.59,0.1,IL
"""1753481""","""Northbrook""",21.93,31647.14,12227.84,3.6,IL
"""1753559""","""North Chicago""",17.24,28947.23,6638.75,5.1,IL
"""1753585""","""North City""",0.69,620.89,238.0,0.0,IL
"""1753663""","""Northfield""",2.71,4478.36,1756.2,3.8,IL
"""1753793""","""North Henderson""",0.01,4.49,1.85,0.0,IL
"""1753871""","""Northlake""",8.7,11799.18,3555.64,5.3,IL
"""1754092""","""North Pekin""",0.75,977.89,368.87,1.1,IL
"""1754144""","""North Riverside""",6.38,6376.38,2498.46,6.7,IL
"""1754222""","""North Utica""",0.26,382.16,148.61,0.0,IL
"""1754404""","""Norwood""",0.1,77.45,26.54,0.3,IL
"""1754534""","""Oak Brook""",6.55,8741.48,3519.65,4.7,IL
"""1754560""","""Oakbrook Terrace""",2.39,3111.84,1321.27,5.6,IL
"""1754586""","""Oakdale""",0.03,31.43,12.07,0.0,IL
"""1754625""","""Oakford""",0.0,3.94,1.38,0.0,IL
"""1754638""","""Oak Forest""",14.03,21901.57,8200.6,3.7,IL
"""1754703""","""Oak Grove""",0.16,182.81,76.62,2.5,IL
"""1754781""","""Oakland""",0.8,646.87,290.14,0.0,IL
"""1754820""","""Oak Lawn""",44.9,58327.79,21863.7,5.9,IL
"""1754885""","""Oak Park""",53.0,52229.0,21529.0,9.1,IL
"""1754924""","""Oak Run""",0.12,97.73,46.11,0.0,IL
"""1755002""","""Oakwood""",0.36,346.85,157.55,0.0,IL
"""1755041""","""Oakwood Hills""",0.48,798.64,293.97,0.1,IL
"""1755106""","""Oblong""",0.06,67.56,28.16,0.0,IL
"""1755132""","""Oconee""",0.01,5.29,2.05,0.0,IL
"""1755171""","""Odell""",0.23,225.91,82.8,0.0,IL
"""1755210""","""Odin""",0.09,102.75,38.03,0.0,IL
"""1755249""","""O'Fallon""",9.45,21393.77,8257.36,5.0,IL
"""1755275""","""Ogden""",0.07,62.31,24.31,0.0,IL
"""1755353""","""Oglesby""",2.7,2705.44,1154.4,0.0,IL
"""1755379""","""Ohio""",0.02,16.86,6.58,0.0,IL
"""1755418""","""Ohlman""",0.01,8.0,3.5,0.0,IL
"""1755470""","""Okawville""",0.17,168.09,70.46,0.0,IL
"""1755639""","""Old Mill Creek""",1.15,2646.61,867.24,1.5,IL
"""1755717""","""Old Ripley""",0.0,2.11,0.89,0.0,IL
"""1755756""","""Old Shawneetown""",0.01,7.23,2.87,0.0,IL
"""1755847""","""Olive Branch""",0.1,97.82,34.96,0.0,IL
"""1755886""","""Olivet""",0.08,69.72,24.5,0.0,IL
"""1755899""","""Olmsted""",0.09,80.93,31.22,0.0,IL
"""1755912""","""Olney""",5.7,8522.72,3625.36,0.0,IL
"""1755938""","""Olympia Fields""",2.94,5326.08,2199.73,6.2,IL
"""1756003""","""Omaha""",0.01,10.98,4.43,0.0,IL
"""1756081""","""Onarga""",0.25,193.77,75.81,0.1,IL
"""1756159""","""Oneida""",0.05,37.68,14.34,0.0,IL
"""1756198""","""Opdyke""",0.02,19.43,7.41,0.0,IL
"""1756237""","""Oquawka""",0.24,226.48,96.02,0.0,IL
"""1756341""","""Orangeville""",0.04,44.88,19.24,0.0,IL
"""1756471""","""Oreana""",0.09,83.09,31.79,0.0,IL
"""1756484""","""Oregon""",4.91,3393.2,1582.62,0.0,IL
"""1756536""","""Orient""",0.05,85.05,32.35,0.0,IL
"""1756601""","""Orion""",0.16,157.77,66.88,0.0,IL
"""1756627""","""Orland Hills""",2.39,6111.9,1987.99,1.9,IL
"""1756640""","""Orland Park""",27.04,55177.34,20754.13,3.4,IL
"""1756887""","""Oswego""",7.85,26087.94,8702.8,0.1,IL
"""1756926""","""Ottawa""",13.71,12665.72,5402.01,0.0,IL
"""1756978""","""Otterville""",0.03,28.56,11.22,0.0,IL
"""1757043""","""Owaneco""",0.01,18.63,2.15,0.0,IL
"""1757160""","""Paderborn""",0.01,12.44,4.48,0.0,IL
"""1757225""","""Palatine""",41.4,66126.4,25557.5,2.2,IL
"""1757277""","""Palestine""",0.32,210.43,105.85,0.0,IL
"""1757303""","""Palmer""",0.02,8.97,3.88,0.0,IL
"""1757329""","""Palmyra""",0.18,112.68,50.18,0.0,IL
"""1757381""","""Palos Heights""",8.97,10201.25,3753.69,4.2,IL
"""1757394""","""Palos Hills""",11.22,15956.18,6301.05,5.9,IL
"""1757407""","""Palos Park""",2.69,4830.73,1802.69,3.1,IL
"""1757472""","""Pana""",4.07,3585.39,1619.88,0.0,IL
"""1757498""","""Panama""",0.01,17.86,3.66,0.0,IL
"""1757524""","""Panola""",0.01,28.16,11.15,0.0,IL
"""1757576""","""Papineau""",0.01,5.07,1.88,0.0,IL
"""1757628""","""Paris""",7.54,5637.36,2494.38,0.0,IL
"""1757654""","""Park City""",2.85,5243.53,1501.2,3.8,IL
"""1757693""","""Parkersburg""",0.01,13.95,5.03,0.0,IL
"""1757732""","""Park Forest""",14.74,19291.68,7454.94,4.7,IL
"""1757875""","""Park Ridge""",35.25,37990.57,14063.19,7.4,IL
"""1758057""","""Patoka""",0.09,59.64,22.76,0.0,IL
"""1758174""","""Pawnee""",0.28,250.71,100.14,0.0,IL
"""1758226""","""Paw Paw""",0.06,55.67,23.74,0.0,IL
"""1758239""","""Paxton""",2.59,2912.59,1270.29,0.0,IL
"""1758265""","""Payson""",0.17,227.24,81.88,0.0,IL
"""1758343""","""Pearl""",0.01,13.24,4.87,0.0,IL
"""1758369""","""Pearl City""",0.02,18.1,7.06,0.0,IL
"""1758408""","""Pecatonica""",0.39,495.45,200.66,0.0,IL
"""1758447""","""Pekin""",21.52,29687.72,12446.08,1.9,IL
"""1758577""","""Penfield""",0.0,3.19,1.17,0.0,IL
"""1759000""","""Peoria""",86.79,106329.01,42817.65,4.0,IL
"""1759026""","""Peoria Heights""",5.04,5902.16,2686.35,3.9,IL
"""1759052""","""Peotone""",0.58,729.59,282.97,0.0,IL
"""1759104""","""Percy""",0.12,114.17,44.08,0.0,IL
"""1759156""","""Perry""",0.0,2.93,1.32,0.0,IL
"""1759234""","""Peru""",8.94,8298.2,3609.81,0.0,IL
"""1759273""","""Pesotum""",0.02,13.33,5.3,0.0,IL
"""1759312""","""Petersburg""",1.4,1061.52,495.56,0.0,IL
"""1759520""","""Phillipstown""",0.0,2.66,1.16,0.0,IL
"""1759533""","""Philo""",0.93,939.78,331.88,0.0,IL
"""1759572""","""Phoenix""",1.66,1544.74,535.42,7.1,IL
"""1759709""","""Pierron""",0.03,44.67,17.16,0.0,IL
"""1759884""","""Pinckneyville""",1.8,1564.18,686.66,0.0,IL
"""1759988""","""Pingree Grove""",0.16,1769.72,589.63,0.0,IL
"""1760079""","""Piper City""",0.26,228.76,88.36,0.0,IL
"""1760144""","""Pistakee Highlands""",3.21,3029.69,1174.02,2.3,IL
"""1760209""","""Pittsburg""",0.16,206.89,69.23,0.0,IL
"""1760222""","""Pittsfield""",3.13,2637.86,1175.23,0.0,IL
"""1760287""","""Plainfield""",10.25,31546.9,9429.19,0.6,IL
"""1760339""","""Plainville""",0.0,4.12,1.4,0.0,IL
"""1760352""","""Plano""",4.32,7570.27,2462.53,1.5,IL
"""1760391""","""Plattville""",0.07,53.35,18.21,0.0,IL
"""1760534""","""Pleasant Hill""",0.08,62.58,23.31,0.0,IL
"""1760599""","""Pleasant Plains""",0.04,51.96,20.83,0.0,IL
"""1760833""","""Plymouth""",0.01,10.06,3.97,0.0,IL
"""1760872""","""Pocahontas""",0.33,280.76,117.69,0.0,IL
"""1760937""","""Polo""",2.34,1671.33,705.89,0.0,IL
"""1761015""","""Pontiac""",8.24,7299.87,2775.3,1.8,IL
"""1761067""","""Pontoon Beach""",2.78,4385.73,1812.38,3.2,IL
"""1761080""","""Pontoosuc""",0.05,71.46,29.0,0.0,IL
"""1761145""","""Poplar Grove""",1.06,3033.68,973.93,0.0,IL
"""1761216""","""Port Barrington""",0.9,1213.85,440.02,0.0,IL
"""1761223""","""Port Byron""",0.32,689.13,278.23,0.0,IL
"""1761314""","""Posen""",2.84,5241.77,1631.67,6.0,IL
"""1761366""","""Potomac""",0.01,9.92,3.9,0.0,IL
"""1761548""","""Prairie City""",0.03,27.44,8.31,0.0,IL
"""1761639""","""Prairie du Rocher""",0.02,15.81,6.44,0.0,IL
"""1761678""","""Prairie Grove""",1.53,3949.09,1503.39,1.3,IL
"""1761821""","""Prestbury""",0.11,674.48,245.82,0.9,IL
"""1761860""","""Preston Heights""",0.65,1149.21,400.17,3.5,IL
"""1761899""","""Princeton""",4.94,5313.42,2363.0,1.3,IL
"""1761925""","""Princeville""",0.04,66.69,22.88,0.0,IL
"""1761977""","""Prophetstown""",0.49,339.88,146.33,0.0,IL
"""1762016""","""Prospect Heights""",11.17,17358.88,7005.66,3.8,IL
"""1762211""","""Pulaski""",0.05,22.42,8.43,0.0,IL
"""1762367""","""Quincy""",33.83,36073.13,15472.28,1.9,IL
"""1762523""","""Radom""",0.04,18.45,9.16,0.0,IL
"""1762588""","""Raleigh""",0.05,42.79,16.07,0.0,IL
"""1762627""","""Ramsey""",0.03,29.66,11.07,0.0,IL
"""1762744""","""Rankin""",0.05,29.18,10.93,0.0,IL
"""1762757""","""Ransom""",0.01,20.5,8.32,0.0,IL
"""1762783""","""Rantoul""",8.2,9489.87,3481.11,0.7,IL
"""1762822""","""Rapids City""",0.12,253.97,94.44,0.0,IL
"""1762848""","""Raritan""",0.0,0.87,0.41,0.0,IL
"""1762965""","""Raymond""",0.27,264.88,112.86,0.0,IL
"""1763043""","""Red Bud""",1.46,1140.24,390.09,0.0,IL
"""1763056""","""Reddick""",0.0,4.93,1.7,0.0,IL
"""1763069""","""Redmon""",0.0,1.93,0.83,0.0,IL
"""1763355""","""Rentchler""",0.0,3.28,1.06,0.7,IL
"""1763420""","""Reynolds""",0.01,14.77,5.99,0.0,IL
"""1763641""","""Richmond""",0.49,1057.67,378.88,0.3,IL
"""1763706""","""Richton Park""",6.19,10437.13,3767.75,3.9,IL
"""1763719""","""Richview""",0.03,16.83,7.65,0.5,IL
"""1763862""","""Ridge Farm""",0.28,249.78,106.85,0.0,IL
"""1764018""","""Ridgway""",0.02,15.09,6.8,0.0,IL
"""1764044""","""Ridott""",0.0,2.02,0.84,0.0,IL
"""1764135""","""Ringwood""",0.69,1516.23,526.61,2.0,IL
"""1764148""","""Rio""",0.01,4.26,1.5,0.0,IL
"""1764174""","""Ripley""",0.0,2.93,1.38,0.0,IL
"""1764278""","""Riverdale""",10.5,13237.25,5163.78,7.1,IL
"""1764304""","""River Forest""",10.0,11215.0,3909.0,8.4,IL
"""1764343""","""River Grove""",7.88,9791.37,3911.57,7.8,IL
"""1764421""","""Riverside""",9.14,9050.01,3276.47,7.1,IL
"""1764486""","""Riverton""",1.52,2387.49,982.77,1.5,IL
"""1764538""","""Riverwoods""",2.7,4245.95,1506.7,2.2,IL
"""1764590""","""Roanoke""",0.01,43.51,16.5,0.0,IL
"""1764616""","""Robbins""",2.99,4685.35,1628.19,7.2,IL
"""1764655""","""Roberts""",0.01,5.85,2.54,0.0,IL
"""1764707""","""Robinson""",6.38,4779.6,2119.55,0.0,IL
"""1764746""","""Rochelle""",5.81,5837.25,2351.84,0.0,IL
"""1764759""","""Rochester""",0.58,1248.04,424.28,1.1,IL
"""1764811""","""Rockbridge""",0.01,11.69,4.48,0.0,IL
"""1764837""","""Rock City""",0.0,6.04,2.18,0.0,IL
"""1764902""","""Rockdale""",0.77,942.11,348.31,2.7,IL
"""1764928""","""Rock Falls""",7.81,6833.14,2962.1,0.0,IL
"""1765000""","""Rockford""",155.12,146415.9,58504.93,3.6,IL
"""1765078""","""Rock Island""",33.42,38384.04,15529.58,5.9,IL
"""1765104""","""Rock Island Arsenal""",0.76,699.87,248.59,7.4,IL
"""1765156""","""Rockton""",3.9,5816.61,2413.51,0.0,IL
"""1765221""","""Rockwood""",0.0,3.21,1.11,0.0,IL
"""1765338""","""Rolling Meadows""",13.36,22515.32,8753.18,3.3,IL
"""1765403""","""Rome""",0.37,1058.44,403.9,0.0,IL
"""1765442""","""Romeoville""",15.55,36487.1,10871.35,0.9,IL
"""1765481""","""Roodhouse""",1.11,704.16,259.11,0.0,IL
"""1765611""","""Roscoe""",3.45,7442.06,2870.2,0.3,IL
"""1765754""","""Rose Hill""",0.01,5.39,2.5,0.0,IL
"""1765806""","""Roselle""",13.48,20070.05,7386.17,4.0,IL
"""1765819""","""Rosemont""",1.98,2772.4,1102.06,8.6,IL
"""1765845""","""Roseville""",0.07,39.61,16.33,0.0,IL
"""1765884""","""Rosewood Heights""",1.34,2616.66,1163.8,2.7,IL
"""1765897""","""Rosiclare""",0.35,228.74,82.85,0.0,IL
"""1765962""","""Rossville""",0.19,283.9,102.99,0.0,IL
"""1766027""","""Round Lake""",2.91,8500.77,2818.71,4.1,IL
"""1766040""","""Round Lake Beach""",12.83,26379.29,7666.17,3.3,IL
"""1766053""","""Round Lake Heights""",0.76,2149.17,720.35,3.0,IL
"""1766066""","""Round Lake Park""",2.74,5818.97,1847.59,4.6,IL
"""1766131""","""Roxana""",3.99,3364.06,1276.08,3.8,IL
"""1766157""","""Royal""",0.01,4.09,1.6,0.0,IL
"""1766196""","""Royal Lakes""",0.01,8.49,4.25,0.0,IL
"""1766209""","""Royalton""",0.24,159.86,72.51,0.0,IL
"""1766287""","""Ruma""",0.01,13.21,5.29,0.0,IL
"""1766339""","""Rushville""",1.73,1612.28,799.17,0.0,IL
"""1766404""","""Russellville""",0.01,4.15,1.85,0.0,IL
"""1766443""","""Rutland""",0.01,6.66,3.11,0.0,IL
"""1766534""","""Sadorus""",0.02,17.32,6.67,0.0,IL
"""1766599""","""Sailor Springs""",0.0,2.14,0.83,0.0,IL
"""1766638""","""St. Anne""",0.11,165.57,63.08,0.0,IL
"""1766677""","""St. Augustine""",0.02,9.42,3.74,0.0,IL
"""1766703""","""St. Charles""",17.13,30733.52,11695.98,0.6,IL
"""1766768""","""St. David""",0.03,28.32,11.47,0.0,IL
"""1766794""","""St. Elmo""",0.25,191.17,79.83,0.0,IL
"""1766800""","""Ste. Marie""",0.02,14.64,6.16,0.0,IL
"""1766833""","""St. Francisville""",0.12,62.5,30.48,0.0,IL
"""1766859""","""St. Jacob""",0.07,119.57,41.22,0.9,IL
"""1766924""","""St. Johns""",0.36,261.9,115.2,0.8,IL
"""1766950""","""St. Joseph""",1.88,4009.89,1519.7,0.0,IL
"""1766989""","""St. Libory""",0.03,43.81,15.69,0.0,IL
"""1767132""","""St. Peter""",0.01,8.7,3.61,0.0,IL
"""1767158""","""St. Rose""",0.02,28.47,10.22,0.0,IL
"""1767236""","""Salem""",5.78,5671.32,2426.02,0.0,IL
"""1767372""","""Sammons Point""",0.19,96.44,37.7,0.2,IL
"""1767444""","""Sandoval""",0.38,241.47,96.63,0.0,IL
"""1767548""","""Sandwich""",3.09,4501.6,1558.35,0.0,IL
"""1767613""","""San Jose""",0.01,8.74,3.52,0.0,IL
"""1767756""","""Sauget""",1.45,1609.01,722.0,5.6,IL
"""1767769""","""Sauk Village""",5.65,7056.77,2342.23,2.9,IL
"""1767795""","""Saunemin""",0.0,2.73,1.02,0.0,IL
"""1767821""","""Savanna""",2.38,1719.77,809.38,0.0,IL
"""1767860""","""Savoy""",2.26,6142.57,2583.72,6.3,IL
"""1767873""","""Sawyerville""",0.15,133.28,54.29,0.0,IL
"""1767912""","""Saybrook""",0.02,21.48,8.57,0.0,IL
"""1767925""","""Scales Mound""",0.02,15.27,6.96,0.0,IL
"""1768003""","""Schaumburg""",48.54,75810.29,29884.34,3.1,IL
"""1768081""","""Schiller Park""",5.98,11654.36,4197.56,7.3,IL
"""1768120""","""Schram City""",0.4,288.34,124.75,0.0,IL
"""1768198""","""Sciota""",0.0,1.51,0.65,0.0,IL
"""1768328""","""Scott AFB""",1.07,1473.39,399.06,7.9,IL
"""1768406""","""Scottville""",0.02,8.4,3.88,0.0,IL
"""1768458""","""Seaton""",0.03,14.14,5.92,0.0,IL
"""1768471""","""Seatonville""",0.03,16.45,6.31,0.0,IL
"""1768510""","""Secor""",0.01,6.9,2.55,0.0,IL
"""1768640""","""Seneca""",1.31,1445.04,542.9,0.0,IL
"""1768705""","""Sesser""",0.29,212.24,88.77,0.0,IL
"""1768809""","""Seymour""",0.0,2.59,1.14,0.0,IL
"""1768822""","""Shabbona""",0.02,39.2,15.46,0.0,IL
"""1768991""","""Shannon""",0.73,420.7,185.46,0.0,IL
"""1769082""","""Shawneetown""",0.03,23.28,9.28,0.0,IL
"""1769147""","""Sheffield""",0.22,169.27,75.24,0.0,IL
"""1769186""","""Shelbyville""",3.11,3413.07,1489.59,0.0,IL
"""1769212""","""Sheldon""",0.07,62.02,22.96,0.0,IL
"""1769277""","""Sheridan""",0.39,1247.47,214.81,0.0,IL
"""1769342""","""Sherman""",0.84,1411.16,604.74,1.1,IL
"""1769368""","""Sherrard""",0.24,179.33,75.68,0.0,IL
"""1769524""","""Shiloh""",6.21,14680.76,5771.83,4.2,IL
"""1769563""","""Shipman""",0.04,52.13,19.44,0.0,IL
"""1769758""","""Shorewood""",6.64,13696.24,4735.18,0.7,IL
"""1769797""","""Shumway""",0.01,10.25,4.12,0.0,IL
"""1769810""","""Sibley""",0.0,4.19,1.86,0.0,IL
"""1769836""","""Sidell""",0.02,20.65,8.3,0.0,IL
"""1769875""","""Sidney""",0.56,488.67,197.95,0.0,IL
"""1769914""","""Sigel""",0.01,8.1,2.78,0.0,IL
"""1769979""","""Silvis""",4.4,6941.0,2809.44,5.1,IL
"""1770005""","""Simpson""",0.01,10.27,4.1,0.0,IL
"""1770031""","""Sims""",0.04,27.04,11.14,0.0,IL
"""1770122""","""Skokie""",50.21,64434.47,22367.46,7.6,IL
"""1770161""","""Sleepy Hollow""",0.85,2425.13,914.63,3.1,IL
"""1770213""","""Smithboro""",0.05,54.56,22.3,0.0,IL
"""1770226""","""Smithfield""",0.01,5.45,2.55,0.0,IL
"""1770252""","""Smithton""",0.38,899.66,333.58,0.0,IL
"""1770460""","""Somonauk""",0.65,1012.15,368.11,0.0,IL
"""1770525""","""Sorento""",0.01,19.05,8.38,0.0,IL
"""1770564""","""South Barrington""",2.19,4503.56,1449.52,2.0,IL
"""1770590""","""South Beloit""",4.54,6270.51,2270.8,0.7,IL
"""1770629""","""South Chicago Heights""",2.38,3694.11,1251.41,3.0,IL
"""1770720""","""South Elgin""",8.05,17789.43,5900.68,2.4,IL
"""1770759""","""Southern View""",0.77,720.36,354.38,4.1,IL
"""1770850""","""South Holland""",19.14,25155.07,8170.09,5.1,IL
"""1770889""","""South Jacksonville""",2.61,2164.25,1063.63,0.0,IL
"""1771175""","""South Pekin""",0.3,346.1,119.89,0.1,IL
"""1771240""","""South Roxana""",0.45,569.79,208.77,3.1,IL
"""1771370""","""South Wilmington""",0.03,31.46,12.82,0.0,IL
"""1771422""","""Sparland""",0.04,40.61,16.98,0.0,IL
"""1771448""","""Sparta""",4.11,3756.47,1682.64,0.0,IL
"""1771474""","""Spaulding""",0.28,358.18,142.8,1.3,IL
"""1771526""","""Spillertown""",0.05,61.98,26.96,0.0,IL
"""1771604""","""Spring Bay""",0.18,148.69,62.5,0.0,IL
"""1771643""","""Springerton""",0.0,2.22,0.94,0.0,IL
"""1772000""","""Springfield""",103.96,104543.13,45885.49,4.2,IL
"""1772052""","""Spring Grove""",1.51,3575.37,1240.8,0.1,IL
"""1772156""","""Spring Valley""",3.19,3350.48,1410.3,0.0,IL
"""1772221""","""Standard""",0.02,14.94,5.57,0.0,IL
"""1772234""","""Standard City""",0.01,9.15,3.87,0.0,IL
"""1772260""","""Stanford""",0.02,20.89,7.27,0.0,IL
"""1772403""","""Staunton""",4.73,4482.5,2014.13,0.0,IL
"""1772468""","""Steeleville""",1.0,585.88,271.81,0.0,IL
"""1772520""","""Steger""",7.95,8415.73,3864.97,2.2,IL
"""1772546""","""Sterling""",15.53,13474.41,5601.46,0.0,IL
"""1772624""","""Steward""",0.01,4.98,1.87,0.0,IL
"""1772650""","""Stewardson""",0.04,32.16,14.22,0.0,IL
"""1772676""","""Stickney""",4.0,6775.0,2235.0,6.8,IL
"""1772702""","""Stillman Valley""",0.04,54.63,23.75,0.0,IL
"""1772780""","""Stockton""",0.87,866.69,351.01,0.0,IL
"""1772884""","""Stonefort""",0.04,31.48,11.43,0.0,IL
"""1772923""","""Stone Park""",3.02,4718.41,1288.76,7.6,IL
"""1772949""","""Stonington""",0.25,212.61,84.55,0.0,IL
"""1773027""","""Stoy""",0.03,34.32,13.78,0.0,IL
"""1773040""","""Strasburg""",0.02,15.99,6.79,0.0,IL
"""1773131""","""Strawn""",0.01,6.23,2.01,0.0,IL
"""1773157""","""Streamwood""",20.83,39259.89,12555.06,2.4,IL
"""1773170""","""Streator""",14.69,11945.32,4798.59,0.0,IL
"""1773261""","""Stronghurst""",0.02,15.33,6.34,0.0,IL
"""1773287""","""Sublette""",0.01,6.13,3.03,0.0,IL
"""1773391""","""Sugar Grove""",1.44,5484.65,1834.39,0.4,IL
"""1773495""","""Sullivan""",3.74,3920.53,1697.76,0.0,IL
"""1773547""","""Summerfield""",0.02,30.47,12.01,0.7,IL
"""1773638""","""Summit""",7.12,11616.28,3230.64,7.7,IL
"""1773703""","""Sumner""",0.29,826.26,77.11,0.0,IL
"""1773943""","""Sun River Terrace""",0.1,71.11,25.42,0.0,IL
"""1774119""","""Swansea""",8.16,12959.76,5362.21,7.5,IL
"""1774223""","""Sycamore""",6.53,11369.07,4328.48,0.6,IL
"""1774275""","""Symerton""",0.0,1.52,0.58,0.0,IL
"""1774301""","""Table Grove""",0.0,3.1,1.27,0.0,IL
"""1774379""","""Tallula""",0.01,7.31,3.54,0.0,IL
"""1774444""","""Tamaroa""",0.04,21.29,9.8,0.0,IL
"""1774457""","""Tamms""",0.17,154.51,45.28,0.0,IL
"""1774470""","""Tampico""",0.1,72.71,31.52,0.0,IL
"""1774561""","""Taylor Springs""",0.12,90.65,37.63,0.0,IL
"""1774574""","""Taylorville""",9.56,7854.44,3425.13,0.0,IL
"""1774665""","""Tennessee""",0.01,5.98,2.44,0.0,IL
"""1774743""","""Teutopolis""",0.74,1118.63,423.61,0.0,IL
"""1774847""","""Thawville""",0.0,4.72,2.14,0.2,IL
"""1774860""","""Thayer""",0.05,46.88,17.12,0.0,IL
"""1774873""","""Thebes""",0.14,89.46,27.94,0.0,IL
"""1774970""","""The Galena Territory""",0.77,937.13,479.39,0.0,IL
"""1775081""","""Third Lake""",0.47,782.98,278.47,4.3,IL
"""1775107""","""Thomasboro""",0.95,1037.68,476.67,0.0,IL
"""1775159""","""Thompsonville""",0.06,99.71,43.19,0.0,IL
"""1775172""","""Thomson""",0.14,85.18,37.6,0.0,IL
"""1775185""","""Thornton""",0.93,1336.19,605.73,4.3,IL
"""1775263""","""Tilden""",0.58,462.01,206.11,0.0,IL
"""1775276""","""Tilton""",2.49,2251.3,1002.85,1.1,IL
"""1775360""","""Timberlane""",0.07,281.51,81.39,0.0,IL
"""1775419""","""Time""",0.01,3.89,1.69,0.0,IL
"""1775484""","""Tinley Park""",25.63,49853.17,18371.56,3.6,IL
"""1775549""","""Tiskilwa""",0.05,53.84,21.27,0.0,IL
"""1775601""","""Toledo""",0.03,35.78,14.33,0.0,IL
"""1775614""","""Tolono""",0.67,715.07,273.44,0.8,IL
"""1775653""","""Toluca""",0.18,237.22,105.99,0.0,IL
"""1775718""","""Tonica""",0.05,49.7,20.49,0.0,IL
"""1775757""","""Topeka""",0.0,2.51,1.22,0.0,IL
"""1775783""","""Toulon""",0.24,150.72,62.98,0.0,IL
"""1775809""","""Tovey""",0.01,4.24,1.82,0.0,IL
"""1775822""","""Towanda""",0.02,33.41,12.87,0.0,IL
"""1775848""","""Tower Hill""",0.1,76.45,23.47,0.0,IL
"""1775874""","""Tower Lakes""",0.61,865.63,306.47,0.0,IL
"""1775965""","""Tremont""",0.21,206.51,82.3,0.0,IL
"""1775991""","""Trenton""",0.56,932.62,384.02,0.0,IL
"""1776160""","""Trout Valley""",0.54,539.07,187.66,3.2,IL
"""1776199""","""Troy""",2.9,5372.26,2135.76,2.3,IL
"""1776225""","""Troy Grove""",0.02,15.72,6.66,0.0,IL
"""1776407""","""Tuscola""",2.7,3045.91,1313.52,0.0,IL
"""1776511""","""Twin Grove""",0.36,431.53,165.13,1.4,IL
"""1776615""","""Ullin""",0.1,49.22,21.64,0.5,IL
"""1776706""","""Union""",0.1,63.1,22.02,0.0,IL
"""1776771""","""Union Hill""",0.0,1.01,0.34,0.0,IL
"""1776935""","""University Park""",4.8,8167.39,2942.38,3.3,IL
"""1777005""","""Urbana""",31.25,35680.71,13559.76,8.3,IL
"""1777044""","""Ursa""",0.01,9.66,3.94,0.0,IL
"""1777148""","""Valier""",0.13,103.64,44.87,0.0,IL
"""1777187""","""Valley City""",0.01,7.0,2.21,0.0,IL
"""1777265""","""Valmeyer""",0.09,132.86,47.49,0.0,IL
"""1777317""","""Vandalia""",4.48,6067.62,1659.72,0.0,IL
"""1777395""","""Varna""",0.01,4.52,1.75,0.0,IL
"""1777408""","""Venedy""",0.01,3.18,1.34,0.0,IL
"""1777460""","""Venetian Village""",1.5,3661.77,1256.4,1.8,IL
"""1777473""","""Venice""",3.0,1972.0,797.0,5.0,IL
"""1777525""","""Vergennes""",0.01,7.47,2.58,0.0,IL
"""1777551""","""Vermilion""",0.02,16.96,6.49,0.0,IL
"""1777642""","""Vermont""",0.08,56.97,25.29,0.0,IL
"""1777681""","""Vernon""",0.01,13.87,5.55,0.0,IL
"""1777694""","""Vernon Hills""",12.61,23173.88,8705.09,1.7,IL
"""1777707""","""Verona""",0.0,2.0,0.76,0.0,IL
"""1777720""","""Versailles""",0.02,17.9,6.89,0.0,IL
"""1777811""","""Victoria""",0.01,5.67,2.59,0.0,IL
"""1777863""","""Vienna""",0.24,300.37,124.21,0.0,IL
"""1777941""","""Villa Grove""",0.27,254.81,98.09,0.0,IL
"""1777993""","""Villa Park""",16.18,21759.47,8092.79,3.3,IL
"""1778123""","""Viola""",0.87,632.67,220.14,0.0,IL
"""1778149""","""Virden""",1.57,1605.79,664.45,0.0,IL
"""1778175""","""Virgil""",0.06,102.13,33.22,0.3,IL
"""1778201""","""Virginia""",0.05,41.88,17.63,0.0,IL
"""1778227""","""Volo""",0.6,4084.6,1371.83,1.2,IL
"""1778370""","""Wadsworth""",1.81,3792.74,1332.01,0.2,IL
"""1778383""","""Waggoner""",0.01,3.56,1.37,0.0,IL
"""1778526""","""Walnut""",0.03,31.02,11.95,0.0,IL
"""1778604""","""Walnut Hill""",0.02,27.38,10.69,0.0,IL
"""1778656""","""Walshville""",0.0,2.52,1.3,0.0,IL
"""1778708""","""Waltonville""",0.05,33.19,13.7,0.0,IL
"""1778721""","""Wamac""",0.39,291.86,125.57,0.7,IL
"""1778773""","""Wapella""",0.01,10.69,4.42,0.0,IL
"""1778851""","""Warren""",0.17,98.94,49.14,0.0,IL
"""1778916""","""Warrensburg""",0.01,17.71,6.29,0.0,IL
"""1778929""","""Warrenville""",7.47,11495.81,4164.39,1.8,IL
"""1778942""","""Warsaw""",1.19,1032.43,407.0,0.0,IL
"""1779007""","""Washburn""",0.62,427.47,162.56,0.0,IL
"""1779033""","""Washington""",5.92,8387.65,3267.87,0.1,IL
"""1779085""","""Washington Park""",6.15,3931.18,1329.29,8.3,IL
"""1779124""","""Wataga""",0.19,134.57,63.72,0.0,IL
"""1779150""","""Waterloo""",1.61,4361.95,1833.51,1.4,IL
"""1779163""","""Waterman""",0.02,36.24,12.59,0.0,IL
"""1779228""","""Watseka""",4.48,3504.55,1556.16,0.0,IL
"""1779241""","""Watson""",0.03,62.02,23.31,0.0,IL
"""1779267""","""Wauconda""",2.92,6989.43,2666.88,0.0,IL
"""1779293""","""Waukegan""",57.87,88351.73,29407.47,5.1,IL
"""1779358""","""Waverly""",0.26,168.32,76.31,0.0,IL
"""1779397""","""Wayne""",1.72,4281.81,1320.92,0.0,IL
"""1779436""","""Wayne City""",0.28,211.86,85.5,0.0,IL
"""1779449""","""Waynesville""",0.01,8.42,3.17,0.0,IL
"""1779683""","""Weldon""",0.0,4.61,1.73,0.0,IL
"""1779735""","""Wellington""",0.0,2.22,0.95,0.0,IL
"""1779813""","""Wenona""",0.32,321.93,136.81,0.0,IL
"""1779826""","""Wenonah""",0.04,43.74,19.11,0.0,IL
"""1780008""","""West Brooklyn""",0.0,1.46,0.56,0.0,IL
"""1780047""","""Westchester""",12.25,14437.74,5880.22,5.5,IL
"""1780060""","""West Chicago""",13.69,23365.18,6612.26,1.9,IL
"""1780073""","""West City""",0.69,798.45,313.17,0.0,IL
"""1780125""","""West Dundee""",4.01,6048.01,2395.83,3.7,IL
"""1780242""","""Western Springs""",10.71,12492.83,4141.91,4.5,IL
"""1780255""","""Westervelt""",0.0,1.21,0.52,0.0,IL
"""1780281""","""Westfield""",0.23,166.25,68.91,0.0,IL
"""1780333""","""West Frankfort""",6.23,5500.44,2432.12,0.0,IL
"""1780645""","""Westmont""",16.1,23632.72,10071.94,4.3,IL
"""1780736""","""West Peoria""",3.92,5101.81,2223.31,4.2,IL
"""1780762""","""West Point""",0.0,1.66,0.6,0.0,IL
"""1780853""","""West Salem""",0.08,58.41,25.34,0.0,IL
"""1780879""","""West Union""",0.04,32.28,11.94,0.0,IL
"""1780931""","""Westville""",0.79,1077.14,425.06,0.4,IL
"""1780957""","""West York""",0.0,2.56,1.04,0.0,IL
"""1781048""","""Wheaton""",36.07,50052.15,17857.65,4.4,IL
"""1781074""","""Wheeler""",0.01,10.74,3.9,0.0,IL
"""1781087""","""Wheeling""",22.89,37604.08,13656.78,4.2,IL
"""1781165""","""Whiteash""",0.19,150.94,65.41,0.0,IL
"""1781191""","""White City""",0.16,134.28,55.16,0.0,IL
"""1781256""","""White Hall""",2.24,1848.47,728.39,0.0,IL
"""1781295""","""White Heath""",0.01,19.73,7.39,0.0,IL
"""1781802""","""Williamsfield""",0.03,27.94,11.71,0.0,IL
"""1781815""","""Williamson""",0.05,46.01,19.23,0.0,IL
"""1781854""","""Williamsville""",0.05,83.58,29.07,0.0,IL
"""1781867""","""Willisville""",0.08,69.62,24.73,0.0,IL
"""1781919""","""Willowbrook""",5.89,9780.34,4279.86,2.5,IL
"""1781938""","""Willowbrook""",1.54,1617.75,552.06,0.0,IL
"""1782010""","""Willow Hill""",0.03,23.71,8.31,0.0,IL
"""1782049""","""Willow Springs""",4.13,6090.14,2226.41,3.4,IL
"""1782075""","""Wilmette""",22.61,27214.16,9540.39,6.5,IL
"""1782088""","""Wilmington""",0.02,9.94,3.51,0.0,IL
"""1782101""","""Wilmington""",4.59,5009.93,1915.79,0.0,IL
"""1782218""","""Wilsonville""",0.05,60.16,24.19,0.0,IL
"""1782270""","""Winchester""",0.02,45.55,18.48,0.0,IL
"""1782309""","""Windsor""",0.03,31.36,13.2,0.0,IL
"""1782322""","""Windsor""",0.02,18.34,7.37,0.0,IL
"""1782400""","""Winfield""",5.19,7104.18,2552.11,3.7,IL
"""1782491""","""Winnebago""",0.3,717.36,272.15,0.0,IL
"""1782530""","""Winnetka""",11.16,12567.06,4180.86,7.1,IL
"""1782543""","""Winslow""",0.02,8.51,3.96,0.0,IL
"""1782686""","""Winthrop Harbor""",4.48,6212.52,2364.6,2.9,IL
"""1782725""","""Witt""",1.01,504.91,244.25,0.0,IL
"""1782855""","""Wonder Lake""",1.93,2407.91,942.43,0.6,IL
"""1782985""","""Wood Dale""",8.49,12781.06,4383.48,3.6,IL
"""1783063""","""Woodhull""",0.22,188.06,81.94,0.0,IL
"""1783102""","""Woodland""",0.02,19.73,9.26,0.0,IL
"""1783206""","""Woodlawn""",0.06,73.05,27.24,0.0,IL
"""1783245""","""Woodridge""",18.13,31757.65,12235.77,2.9,IL
"""1783271""","""Wood River""",9.68,9960.76,4319.67,5.1,IL
"""1783336""","""Woodson""",0.01,15.74,7.27,0.0,IL
"""1783349""","""Woodstock""",9.23,17913.61,6792.19,4.3,IL
"""1783505""","""Worden""",0.15,191.9,73.56,0.0,IL
"""1783518""","""Worth""",9.25,9655.51,3584.74,6.4,IL
"""1783622""","""Wyanet""",0.13,142.33,52.96,0.0,IL
"""1783687""","""Wyoming""",0.07,63.42,30.8,0.0,IL
"""1783739""","""Xenia""",0.01,14.83,6.23,0.0,IL
"""1783765""","""Yale""",0.01,4.94,2.06,0.0,IL
"""1783817""","""Yates City""",0.05,45.05,17.77,0.0,IL
"""1784038""","""Yorkville""",3.53,15710.59,5101.49,0.0,IL
"""1784155""","""Zeigler""",0.24,247.06,85.3,0.0,IL
"""1784220""","""Zion""",17.84,23063.38,7789.72,3.4,IL
